<?xml version="1.0" encoding="UTF-8"?>
<sdf3 type="sdf" version="1.0">
  <applicationGraph>
    <sdf name="g" type="G">
      <actor name="a0" type="A0">
        <port name="p0" type="in" rate="3"/>
        <port name="p1" type="out" rate="32"/>
      </actor>
      <actor name="a1" type="A1">
        <port name="p0" type="in" rate="3"/>
        <port name="p1" type="in" rate="5"/>
        <port name="p2" type="out" rate="25"/>
        <port name="p3" type="out" rate="3"/>
      </actor>
      <actor name="a2" type="A2">
        <port name="p0" type="in" rate="2"/>
        <port name="p1" type="in" rate="400"/>
        <port name="p2" type="in" rate="1000"/>
        <port name="p3" type="out" rate="5"/>
        <port name="p4" type="out" rate="40"/>
      </actor>
      <actor name="a3" type="A3">
        <port name="p0" type="in" rate="5"/>
        <port name="p1" type="out" rate="4"/>
      </actor>
      <actor name="a4" type="A4">
        <port name="p0" type="in" rate="6"/>
        <port name="p1" type="in" rate="1"/>
        <port name="p2" type="in" rate="27"/>
        <port name="p3" type="out" rate="1"/>
        <port name="p4" type="out" rate="27"/>
      </actor>
      <actor name="a5" type="A5">
        <port name="p0" type="in" rate="5"/>
        <port name="p1" type="in" rate="5"/>
        <port name="p2" type="out" rate="4"/>
        <port name="p3" type="out" rate="4"/>
        <port name="p4" type="out" rate="5"/>
      </actor>
      <actor name="a6" type="A6">
        <port name="p0" type="in" rate="2"/>
        <port name="p1" type="in" rate="16"/>
        <port name="p2" type="out" rate="400"/>
        <port name="p3" type="out" rate="1"/>
        <port name="p4" type="out" rate="160"/>
      </actor>
      <actor name="a7" type="A7">
        <port name="p0" type="in" rate="3"/>
        <port name="p1" type="in" rate="4"/>
        <port name="p2" type="out" rate="3"/>
        <port name="p3" type="out" rate="2"/>
      </actor>
      <actor name="a8" type="A8">
        <port name="p0" type="in" rate="9"/>
        <port name="p2" type="in" rate="1"/>
        <port name="p3" type="out" rate="1"/>
      </actor>
      <actor name="a9" type="A9">
        <port name="p1" type="in" rate="1"/>
        <port name="p2" type="in" rate="3"/>
        <port name="p3" type="out" rate="9"/>
      </actor>
      <actor name="a10" type="A10">
        <port name="p0" type="in" rate="8"/>
        <port name="p1" type="out" rate="6"/>
        <port name="p2" type="out" rate="2"/>
        <port name="p3" type="out" rate="2"/>
      </actor>
      <actor name="a11" type="A11">
        <port name="p0" type="in" rate="3"/>
        <port name="p1" type="in" rate="6"/>
        <port name="p2" type="out" rate="3"/>
        <port name="p3" type="out" rate="3"/>
      </actor>
      <actor name="a12" type="A12">
        <port name="p0" type="in" rate="3"/>
        <port name="p1" type="in" rate="3"/>
        <port name="p2" type="in" rate="1"/>
        <port name="p3" type="out" rate="2"/>
        <port name="p4" type="out" rate="3"/>
      </actor>
      <actor name="a13" type="A13">
        <port name="p0" type="in" rate="4"/>
        <port name="p1" type="in" rate="16"/>
        <port name="p2" type="out" rate="16"/>
        <port name="p3" type="out" rate="1"/>
        <port name="p4" type="out" rate="16"/>
      </actor>
      <actor name="a14" type="A14">
        <port name="p0" type="in" rate="4"/>
        <port name="p1" type="out" rate="3"/>
      </actor>
      <channel name="ch0" srcActor="a0" srcPort="p1" dstActor="a1" dstPort="p0"/>
      <channel name="ch1" srcActor="a2" srcPort="p3" dstActor="a0" dstPort="p0" initialTokens="6"/>
      <channel name="ch2" srcActor="a3" srcPort="p1" dstActor="a2" dstPort="p0" initialTokens="104"/>
      <channel name="ch3" srcActor="a4" srcPort="p4" dstActor="a2" dstPort="p1" initialTokens="21102"/>
      <channel name="ch4" srcActor="a5" srcPort="p3" dstActor="a4" dstPort="p0" initialTokens="4608"/>
      <channel name="ch5" srcActor="a6" srcPort="p3" dstActor="a3" dstPort="p0" initialTokens="2"/>
      <channel name="ch6" srcActor="a7" srcPort="p2" dstActor="a6" dstPort="p1" initialTokens="9"/>
      <channel name="ch7" srcActor="a8" srcPort="p3" dstActor="a5" dstPort="p0" initialTokens="4"/>
      <channel name="ch8" srcActor="a9" srcPort="p3" dstActor="a2" dstPort="p2" initialTokens="24"/>
      <channel name="ch9" srcActor="a1" srcPort="p2" dstActor="a10" dstPort="p0"/>
      <channel name="ch10" srcActor="a7" srcPort="p3" dstActor="a11" dstPort="p0" initialTokens="3"/>
      <channel name="ch11" srcActor="a11" srcPort="p2" dstActor="a12" dstPort="p2" initialTokens="3"/>
      <channel name="ch12" srcActor="a12" srcPort="p4" dstActor="a13" dstPort="p1" initialTokens="4320"/>
      <channel name="ch13" srcActor="a14" srcPort="p1" dstActor="a13" dstPort="p0"/>
      <channel name="ch14" srcActor="a10" srcPort="p1" dstActor="a9" dstPort="p2" initialTokens="17592"/>
      <channel name="ch15" srcActor="a4" srcPort="p3" dstActor="a4" dstPort="p1" initialTokens="800"/>
      <channel name="ch16" srcActor="a10" srcPort="p2" dstActor="a5" dstPort="p1" initialTokens="6245"/>
      <channel name="ch17" srcActor="a12" srcPort="p3" dstActor="a7" dstPort="p1" initialTokens="2868"/>
      <channel name="ch18" srcActor="a13" srcPort="p2" dstActor="a12" dstPort="p1"/>
      <channel name="ch19" srcActor="a11" srcPort="p3" dstActor="a14" dstPort="p0" initialTokens="3"/>
      <channel name="ch20" srcActor="a6" srcPort="p2" dstActor="a8" dstPort="p0" initialTokens="2169"/>
      <channel name="ch21" srcActor="a13" srcPort="p3" dstActor="a6" dstPort="p0"/>
      <channel name="ch22" srcActor="a10" srcPort="p3" dstActor="a8" dstPort="p2" initialTokens="6241"/>
      <channel name="ch23" srcActor="a13" srcPort="p4" dstActor="a12" dstPort="p0"/>
      <channel name="ch24" srcActor="a5" srcPort="p4" dstActor="a9" dstPort="p1" initialTokens="5619"/>
      <channel name="ch25" srcActor="a2" srcPort="p4" dstActor="a7" dstPort="p0" initialTokens="39"/>
      <channel name="ch26" srcActor="a1" srcPort="p3" dstActor="a11" dstPort="p1" initialTokens="2874"/>
      <channel name="ch27" srcActor="a5" srcPort="p2" dstActor="a1" dstPort="p1" initialTokens="4604"/>
      <channel name="ch28" srcActor="a6" srcPort="p4" dstActor="a4" dstPort="p2" initialTokens="18"/>
    </sdf>
    <sdfProperties>
      <actorProperties actor="a0">
        <processor type="p1" default="true">
          <executionTime proc="proc0" time="2" default="true"/>
        </processor>
        <memory>
          <stateSize max="1"/>
        </memory>
        <timeConstraints>
          <throughput>1/570</throughput>
        </timeConstraints>
      </actorProperties>
      <actorProperties actor="a1">
        <processor type="p1" default="true">
          <executionTime proc="proc0" time="2" default="true"/>
        </processor>
        <memory>
          <stateSize max="1"/>
        </memory>
      </actorProperties>
      <actorProperties actor="a2">
        <processor type="p1" default="true">
          <executionTime proc="proc0" time="2" default="true"/>
        </processor>
        <memory>
          <stateSize max="1"/>
        </memory>
      </actorProperties>
      <actorProperties actor="a3">
        <processor type="p1" default="true">
          <executionTime proc="proc0" time="2" default="true"/>
        </processor>
        <memory>
          <stateSize max="1"/>
        </memory>
      </actorProperties>
      <actorProperties actor="a4">
        <processor type="p1" default="true">
          <executionTime proc="proc0" time="2" default="true"/>
        </processor>
        <memory>
          <stateSize max="1"/>
        </memory>
      </actorProperties>
      <actorProperties actor="a5">
        <processor type="p1" default="true">
          <executionTime proc="proc0" time="2" default="true"/>
        </processor>
        <memory>
          <stateSize max="1"/>
        </memory>
      </actorProperties>
      <actorProperties actor="a6">
        <processor type="p1" default="true">
          <executionTime proc="proc0" time="2" default="true"/>
        </processor>
        <memory>
          <stateSize max="1"/>
        </memory>
      </actorProperties>
      <actorProperties actor="a7">
        <processor type="p1" default="true">
          <executionTime proc="proc0" time="2" default="true"/>
        </processor>
        <memory>
          <stateSize max="1"/>
        </memory>
      </actorProperties>
      <actorProperties actor="a8">
        <processor type="p1" default="true">
          <executionTime proc="proc0" time="2" default="true"/>
        </processor>
        <memory>
          <stateSize max="1"/>
        </memory>
      </actorProperties>
      <actorProperties actor="a9">
        <processor type="p1" default="true">
          <executionTime proc="proc0" time="2" default="true"/>
        </processor>
        <memory>
          <stateSize max="1"/>
        </memory>
      </actorProperties>
      <actorProperties actor="a10">
        <processor type="p1" default="true">
          <executionTime proc="proc0" time="2" default="true"/>
        </processor>
        <memory>
          <stateSize max="1"/>
        </memory>
      </actorProperties>
      <actorProperties actor="a11">
        <processor type="p1" default="true">
          <executionTime proc="proc0" time="2" default="true"/>
        </processor>
        <memory>
          <stateSize max="1"/>
        </memory>
      </actorProperties>
      <actorProperties actor="a12">
        <processor type="p1" default="true">
          <executionTime proc="proc0" time="2" default="true"/>
        </processor>
        <memory>
          <stateSize max="1"/>
        </memory>
      </actorProperties>
      <actorProperties actor="a13">
        <processor type="p1" default="true">
          <executionTime proc="proc0" time="2" default="true"/>
        </processor>
        <memory>
          <stateSize max="1"/>
        </memory>
      </actorProperties>
      <actorProperties actor="a14">
        <processor type="p1" default="true">
          <executionTime proc="proc0" time="2" default="true"/>
        </processor>
        <memory>
          <stateSize max="1"/>
        </memory>
      </actorProperties>
      <channelProperties channel="ch0">
        <bufferSize sz="68" src="34" dst="34" mem="68"/>
        <tokenSize sz="1"/>
      </channelProperties>
      <channelProperties channel="ch1">
        <bufferSize sz="14" src="7" dst="7" mem="14"/>
        <tokenSize sz="1"/>
      </channelProperties>
      <channelProperties channel="ch2">
        <bufferSize sz="8" src="4" dst="4" mem="8"/>
        <tokenSize sz="1"/>
      </channelProperties>
      <channelProperties channel="ch3">
        <bufferSize sz="852" src="426" dst="426" mem="852"/>
        <tokenSize sz="1"/>
      </channelProperties>
      <channelProperties channel="ch4">
        <bufferSize sz="16" src="8" dst="8" mem="16"/>
        <tokenSize sz="1"/>
      </channelProperties>
      <channelProperties channel="ch5">
        <bufferSize sz="10" src="5" dst="5" mem="10"/>
        <tokenSize sz="1"/>
      </channelProperties>
      <channelProperties channel="ch6">
        <bufferSize sz="36" src="18" dst="18" mem="36"/>
        <tokenSize sz="1"/>
      </channelProperties>
      <channelProperties channel="ch7">
        <bufferSize sz="10" src="5" dst="5" mem="10"/>
        <tokenSize sz="1"/>
      </channelProperties>
      <channelProperties channel="ch8">
        <bufferSize sz="2016" src="1008" dst="1008" mem="2016"/>
        <tokenSize sz="1"/>
      </channelProperties>
      <channelProperties channel="ch9">
        <bufferSize sz="64" src="32" dst="32" mem="64"/>
        <tokenSize sz="1"/>
      </channelProperties>
      <channelProperties channel="ch10">
        <bufferSize sz="8" src="4" dst="4" mem="8"/>
        <tokenSize sz="1"/>
      </channelProperties>
      <channelProperties channel="ch11">
        <bufferSize sz="6" src="3" dst="3" mem="6"/>
        <tokenSize sz="1"/>
      </channelProperties>
      <channelProperties channel="ch12">
        <bufferSize sz="36" src="18" dst="18" mem="36"/>
        <tokenSize sz="1"/>
      </channelProperties>
      <channelProperties channel="ch13">
        <bufferSize sz="12" src="6" dst="6" mem="12"/>
        <tokenSize sz="1"/>
      </channelProperties>
      <channelProperties channel="ch14">
        <bufferSize sz="12" src="6" dst="6" mem="12"/>
        <tokenSize sz="1"/>
      </channelProperties>
      <channelProperties channel="ch15">
        <bufferSize sz="2" src="1" dst="1" mem="2"/>
        <tokenSize sz="1"/>
      </channelProperties>
      <channelProperties channel="ch16">
        <bufferSize sz="12" src="6" dst="6" mem="12"/>
        <tokenSize sz="1"/>
      </channelProperties>
      <channelProperties channel="ch17">
        <bufferSize sz="8" src="4" dst="4" mem="8"/>
        <tokenSize sz="1"/>
      </channelProperties>
      <channelProperties channel="ch18">
        <bufferSize sz="36" src="18" dst="18" mem="36"/>
        <tokenSize sz="1"/>
      </channelProperties>
      <channelProperties channel="ch19">
        <bufferSize sz="12" src="6" dst="6" mem="12"/>
        <tokenSize sz="1"/>
      </channelProperties>
      <channelProperties channel="ch20">
        <bufferSize sz="816" src="408" dst="408" mem="816"/>
        <tokenSize sz="1"/>
      </channelProperties>
      <channelProperties channel="ch21">
        <bufferSize sz="4" src="2" dst="2" mem="4"/>
        <tokenSize sz="1"/>
      </channelProperties>
      <channelProperties channel="ch22">
        <bufferSize sz="4" src="2" dst="2" mem="4"/>
        <tokenSize sz="1"/>
      </channelProperties>
      <channelProperties channel="ch23">
        <bufferSize sz="36" src="18" dst="18" mem="36"/>
        <tokenSize sz="1"/>
      </channelProperties>
      <channelProperties channel="ch24">
        <bufferSize sz="10" src="5" dst="5" mem="10"/>
        <tokenSize sz="1"/>
      </channelProperties>
      <channelProperties channel="ch25">
        <bufferSize sz="84" src="42" dst="42" mem="84"/>
        <tokenSize sz="1"/>
      </channelProperties>
      <channelProperties channel="ch26">
        <bufferSize sz="12" src="6" dst="6" mem="12"/>
        <tokenSize sz="1"/>
      </channelProperties>
      <channelProperties channel="ch27">
        <bufferSize sz="16" src="8" dst="8" mem="16"/>
        <tokenSize sz="1"/>
      </channelProperties>
      <channelProperties channel="ch28">
        <bufferSize sz="372" src="186" dst="186" mem="372"/>
        <tokenSize sz="1"/>
      </channelProperties>
      <graphProperties/>
    </sdfProperties>
  </applicationGraph>
</sdf3>
