<?xml version="1.0" encoding="UTF-8"?>
<sdf3 type="sdf" version="1.0">
  <applicationGraph>
    <sdf name="g" type="G">
      <actor name="a0" type="A0">
        <port name="p0" type="in" rate="1"/>
        <port name="p2" type="out" rate="12"/>
        <port name="p3" type="out" rate="144"/>
      </actor>
      <actor name="a1" type="A1">
        <port name="p0" type="in" rate="25"/>
        <port name="p1" type="out" rate="5"/>
        <port name="p2" type="out" rate="6"/>
      </actor>
      <actor name="a2" type="A2">
        <port name="p0" type="in" rate="3"/>
        <port name="p2" type="out" rate="25"/>
        <port name="p3" type="out" rate="25"/>
      </actor>
      <actor name="a3" type="A3">
        <port name="p0" type="in" rate="2"/>
        <port name="p1" type="in" rate="192"/>
        <port name="p2" type="out" rate="1"/>
        <port name="p3" type="out" rate="12"/>
      </actor>
      <actor name="a4" type="A4">
        <port name="p0" type="in" rate="4"/>
        <port name="p2" type="out" rate="5"/>
      </actor>
      <actor name="a5" type="A7">
        <port name="p0" type="in" rate="2"/>
        <port name="p1" type="in" rate="5"/>
        <port name="p3" type="out" rate="4"/>
      </actor>
      <actor name="a6" type="A8">
        <port name="p0" type="in" rate="25"/>
        <port name="p1" type="out" rate="4"/>
      </actor>
      <actor name="a7" type="A11">
        <port name="p0" type="in" rate="2"/>
        <port name="p1" type="out" rate="5"/>
      </actor>
      <actor name="a8" type="A12">
        <port name="p0" type="in" rate="3"/>
        <port name="p1" type="in" rate="576"/>
        <port name="p2" type="out" rate="2"/>
        <port name="p3" type="out" rate="36"/>
      </actor>
      <actor name="a9" type="A13">
        <port name="p0" type="in" rate="2"/>
        <port name="p2" type="out" rate="1"/>
      </actor>
      <actor name="a10" type="A14">
        <port name="p0" type="in" rate="5"/>
        <port name="p1" type="in" rate="6"/>
        <port name="p2" type="in" rate="6"/>
        <port name="p3" type="out" rate="1"/>
      </actor>
      <channel name="ch0" srcActor="a0" srcPort="p3" dstActor="a1" dstPort="p0" initialTokens="193"/>
      <channel name="ch1" srcActor="a1" srcPort="p2" dstActor="a2" dstPort="p0" initialTokens="432"/>
      <channel name="ch2" srcActor="a2" srcPort="p2" dstActor="a3" dstPort="p1" initialTokens="10030"/>
      <channel name="ch3" srcActor="a4" srcPort="p2" dstActor="a3" dstPort="p0"/>
      <channel name="ch4" srcActor="a3" srcPort="p3" dstActor="a6" dstPort="p0" initialTokens="20"/>
      <channel name="ch5" srcActor="a7" srcPort="p1" dstActor="a5" dstPort="p0" initialTokens="10"/>
      <channel name="ch6" srcActor="a8" srcPort="p2" dstActor="a0" dstPort="p0"/>
      <channel name="ch7" srcActor="a1" srcPort="p1" dstActor="a9" dstPort="p0" initialTokens="1353"/>
      <channel name="ch8" srcActor="a10" srcPort="p3" dstActor="a4" dstPort="p0"/>
      <channel name="ch9" srcActor="a6" srcPort="p1" dstActor="a7" dstPort="p0"/>
      <channel name="ch10" srcActor="a3" srcPort="p2" dstActor="a8" dstPort="p0" initialTokens="2"/>
      <channel name="ch11" srcActor="a2" srcPort="p3" dstActor="a8" dstPort="p1" initialTokens="10414"/>
      <channel name="ch12" srcActor="a5" srcPort="p3" dstActor="a10" dstPort="p1" initialTokens="684"/>
      <channel name="ch13" srcActor="a9" srcPort="p2" dstActor="a10" dstPort="p2" initialTokens="5"/>
      <channel name="ch14" srcActor="a8" srcPort="p3" dstActor="a5" dstPort="p1" initialTokens="21"/>
      <channel name="ch15" srcActor="a0" srcPort="p2" dstActor="a10" dstPort="p0" initialTokens="584"/>
    </sdf>
    <sdfProperties>
      <actorProperties actor="a0">
        <processor type="p1" default="true">
          <executionTime proc="proc0" time="2" default="true"/>
        </processor>
        <memory>
          <stateSize max="1"/>
        </memory>
        <timeConstraints>
          <throughput>1/100</throughput>
        </timeConstraints>
      </actorProperties>
      <actorProperties actor="a1">
        <processor type="p1" default="true">
          <executionTime proc="proc0" time="2" default="true"/>
        </processor>
        <memory>
          <stateSize max="1"/>
        </memory>
      </actorProperties>
      <actorProperties actor="a2">
        <processor type="p1" default="true">
          <executionTime proc="proc0" time="2" default="true"/>
        </processor>
        <memory>
          <stateSize max="1"/>
        </memory>
      </actorProperties>
      <actorProperties actor="a3">
        <processor type="p1" default="true">
          <executionTime proc="proc0" time="2" default="true"/>
        </processor>
        <memory>
          <stateSize max="1"/>
        </memory>
      </actorProperties>
      <actorProperties actor="a4">
        <processor type="p1" default="true">
          <executionTime proc="proc0" time="2" default="true"/>
        </processor>
        <memory>
          <stateSize max="1"/>
        </memory>
      </actorProperties>
      <actorProperties actor="a5">
        <processor type="p1" default="true">
          <executionTime proc="proc0" time="2" default="true"/>
        </processor>
        <memory>
          <stateSize max="1"/>
        </memory>
      </actorProperties>
      <actorProperties actor="a6">
        <processor type="p1" default="true">
          <executionTime proc="proc0" time="2" default="true"/>
        </processor>
        <memory>
          <stateSize max="1"/>
        </memory>
      </actorProperties>
      <actorProperties actor="a7">
        <processor type="p1" default="true">
          <executionTime proc="proc0" time="2" default="true"/>
        </processor>
        <memory>
          <stateSize max="1"/>
        </memory>
      </actorProperties>
      <actorProperties actor="a8">
        <processor type="p1" default="true">
          <executionTime proc="proc0" time="2" default="true"/>
        </processor>
        <memory>
          <stateSize max="1"/>
        </memory>
      </actorProperties>
      <actorProperties actor="a9">
        <processor type="p1" default="true">
          <executionTime proc="proc0" time="2" default="true"/>
        </processor>
        <memory>
          <stateSize max="1"/>
        </memory>
      </actorProperties>
      <actorProperties actor="a10">
        <processor type="p1" default="true">
          <executionTime proc="proc0" time="2" default="true"/>
        </processor>
        <memory>
          <stateSize max="1"/>
        </memory>
      </actorProperties>
      <channelProperties channel="ch0">
        <bufferSize sz="336" src="168" dst="168" mem="336"/>
        <tokenSize sz="1"/>
      </channelProperties>
      <channelProperties channel="ch1">
        <bufferSize sz="12" src="6" dst="6" mem="12"/>
        <tokenSize sz="1"/>
      </channelProperties>
      <channelProperties channel="ch2">
        <bufferSize sz="432" src="216" dst="216" mem="432"/>
        <tokenSize sz="1"/>
      </channelProperties>
      <channelProperties channel="ch3">
        <bufferSize sz="12" src="6" dst="6" mem="12"/>
        <tokenSize sz="1"/>
      </channelProperties>
      <channelProperties channel="ch4">
        <bufferSize sz="72" src="36" dst="36" mem="72"/>
        <tokenSize sz="1"/>
      </channelProperties>
      <channelProperties channel="ch5">
        <bufferSize sz="12" src="6" dst="6" mem="12"/>
        <tokenSize sz="1"/>
      </channelProperties>
      <channelProperties channel="ch6">
        <bufferSize sz="4" src="2" dst="2" mem="4"/>
        <tokenSize sz="1"/>
      </channelProperties>
      <channelProperties channel="ch7">
        <bufferSize sz="12" src="6" dst="6" mem="12"/>
        <tokenSize sz="1"/>
      </channelProperties>
      <channelProperties channel="ch8">
        <bufferSize sz="8" src="4" dst="4" mem="8"/>
        <tokenSize sz="1"/>
      </channelProperties>
      <channelProperties channel="ch9">
        <bufferSize sz="8" src="4" dst="4" mem="8"/>
        <tokenSize sz="1"/>
      </channelProperties>
      <channelProperties channel="ch10">
        <bufferSize sz="6" src="3" dst="3" mem="6"/>
        <tokenSize sz="1"/>
      </channelProperties>
      <channelProperties channel="ch11">
        <bufferSize sz="1200" src="600" dst="600" mem="1200"/>
        <tokenSize sz="1"/>
      </channelProperties>
      <channelProperties channel="ch12">
        <bufferSize sz="16" src="8" dst="8" mem="16"/>
        <tokenSize sz="1"/>
      </channelProperties>
      <channelProperties channel="ch13">
        <bufferSize sz="12" src="6" dst="6" mem="12"/>
        <tokenSize sz="1"/>
      </channelProperties>
      <channelProperties channel="ch14">
        <bufferSize sz="80" src="40" dst="40" mem="80"/>
        <tokenSize sz="1"/>
      </channelProperties>
      <channelProperties channel="ch15">
        <bufferSize sz="32" src="16" dst="16" mem="32"/>
        <tokenSize sz="1"/>
      </channelProperties>
      <graphProperties/>
    </sdfProperties>
  </applicationGraph>
</sdf3>
