<?xml version="1.0" encoding="UTF-8"?>
<sdf3 type="sdf" version="1.0">
  <applicationGraph>
    <sdf name="g" type="G">
      <actor name="a0" type="A0">
        <port name="p0" type="in" rate="4"/>
        <port name="p1" type="out" rate="4"/>
      </actor>
      <actor name="a1" type="A1">
        <port name="p0" type="in" rate="3"/>
        <port name="p1" type="out" rate="5"/>
      </actor>
      <actor name="a2" type="A2">
        <port name="p0" type="in" rate="5"/>
        <port name="p1" type="out" rate="5"/>
      </actor>
      <actor name="a3" type="A3">
        <port name="p0" type="in" rate="4"/>
        <port name="p2" type="out" rate="3"/>
      </actor>
      <actor name="a4" type="A4">
        <port name="p0" type="in" rate="5"/>
        <port name="p1" type="out" rate="4"/>
        <port name="p2" type="out" rate="5"/>
      </actor>
      <actor name="a5" type="A5">
        <port name="p0" type="in" rate="6"/>
        <port name="p1" type="out" rate="4"/>
        <port name="p3" type="out" rate="6"/>
      </actor>
      <actor name="a6" type="A6">
        <port name="p0" type="in" rate="4"/>
        <port name="p1" type="in" rate="6"/>
        <port name="p2" type="out" rate="6"/>
      </actor>
      <actor name="a7" type="A12">
        <port name="p0" type="in" rate="5"/>
        <port name="p3" type="out" rate="5"/>
      </actor>
      <actor name="a8" type="A13">
        <port name="p0" type="in" rate="5"/>
        <port name="p1" type="in" rate="5"/>
        <port name="p2" type="out" rate="5"/>
      </actor>
      <channel name="ch0" srcActor="a1" srcPort="p1" dstActor="a0" dstPort="p0" initialTokens="411"/>
      <channel name="ch1" srcActor="a2" srcPort="p1" dstActor="a1" dstPort="p0" initialTokens="20"/>
      <channel name="ch2" srcActor="a3" srcPort="p2" dstActor="a2" dstPort="p0" initialTokens="1"/>
      <channel name="ch3" srcActor="a4" srcPort="p1" dstActor="a3" dstPort="p0" initialTokens="88"/>
      <channel name="ch4" srcActor="a4" srcPort="p2" dstActor="a5" dstPort="p0" initialTokens="4"/>
      <channel name="ch5" srcActor="a6" srcPort="p2" dstActor="a4" dstPort="p0" initialTokens="26"/>
      <channel name="ch6" srcActor="a5" srcPort="p3" dstActor="a7" dstPort="p0" initialTokens="31"/>
      <channel name="ch7" srcActor="a7" srcPort="p3" dstActor="a8" dstPort="p0" initialTokens="230"/>
      <channel name="ch8" srcActor="a0" srcPort="p1" dstActor="a8" dstPort="p1" initialTokens="9"/>
      <channel name="ch9" srcActor="a8" srcPort="p2" dstActor="a6" dstPort="p1" initialTokens="9"/>
      <channel name="ch10" srcActor="a5" srcPort="p1" dstActor="a6" dstPort="p0" initialTokens="180"/>
    </sdf>
    <sdfProperties>
      <actorProperties actor="a0">
        <processor type="p1" default="true">
          <executionTime proc="proc0" time="2" default="true"/>
        </processor>
        <memory>
          <stateSize max="1"/>
        </memory>
        <timeConstraints>
          <throughput>1/60</throughput>
        </timeConstraints>
      </actorProperties>
      <actorProperties actor="a1">
        <processor type="p1" default="true">
          <executionTime proc="proc0" time="2" default="true"/>
        </processor>
        <memory>
          <stateSize max="1"/>
        </memory>
      </actorProperties>
      <actorProperties actor="a2">
        <processor type="p1" default="true">
          <executionTime proc="proc0" time="2" default="true"/>
        </processor>
        <memory>
          <stateSize max="1"/>
        </memory>
      </actorProperties>
      <actorProperties actor="a3">
        <processor type="p1" default="true">
          <executionTime proc="proc0" time="2" default="true"/>
        </processor>
        <memory>
          <stateSize max="1"/>
        </memory>
      </actorProperties>
      <actorProperties actor="a4">
        <processor type="p1" default="true">
          <executionTime proc="proc0" time="2" default="true"/>
        </processor>
        <memory>
          <stateSize max="1"/>
        </memory>
      </actorProperties>
      <actorProperties actor="a5">
        <processor type="p1" default="true">
          <executionTime proc="proc0" time="2" default="true"/>
        </processor>
        <memory>
          <stateSize max="1"/>
        </memory>
      </actorProperties>
      <actorProperties actor="a6">
        <processor type="p1" default="true">
          <executionTime proc="proc0" time="2" default="true"/>
        </processor>
        <memory>
          <stateSize max="1"/>
        </memory>
      </actorProperties>
      <actorProperties actor="a7">
        <processor type="p1" default="true">
          <executionTime proc="proc0" time="2" default="true"/>
        </processor>
        <memory>
          <stateSize max="1"/>
        </memory>
      </actorProperties>
      <actorProperties actor="a8">
        <processor type="p1" default="true">
          <executionTime proc="proc0" time="2" default="true"/>
        </processor>
        <memory>
          <stateSize max="1"/>
        </memory>
      </actorProperties>
      <channelProperties channel="ch0">
        <bufferSize sz="16" src="8" dst="8" mem="16"/>
        <tokenSize sz="1"/>
      </channelProperties>
      <channelProperties channel="ch1">
        <bufferSize sz="14" src="7" dst="7" mem="14"/>
        <tokenSize sz="1"/>
      </channelProperties>
      <channelProperties channel="ch2">
        <bufferSize sz="14" src="7" dst="7" mem="14"/>
        <tokenSize sz="1"/>
      </channelProperties>
      <channelProperties channel="ch3">
        <bufferSize sz="8" src="4" dst="4" mem="8"/>
        <tokenSize sz="1"/>
      </channelProperties>
      <channelProperties channel="ch4">
        <bufferSize sz="20" src="10" dst="10" mem="20"/>
        <tokenSize sz="1"/>
      </channelProperties>
      <channelProperties channel="ch5">
        <bufferSize sz="20" src="10" dst="10" mem="20"/>
        <tokenSize sz="1"/>
      </channelProperties>
      <channelProperties channel="ch6">
        <bufferSize sz="20" src="10" dst="10" mem="20"/>
        <tokenSize sz="1"/>
      </channelProperties>
      <channelProperties channel="ch7">
        <bufferSize sz="10" src="5" dst="5" mem="10"/>
        <tokenSize sz="1"/>
      </channelProperties>
      <channelProperties channel="ch8">
        <bufferSize sz="16" src="8" dst="8" mem="16"/>
        <tokenSize sz="1"/>
      </channelProperties>
      <channelProperties channel="ch9">
        <bufferSize sz="20" src="10" dst="10" mem="20"/>
        <tokenSize sz="1"/>
      </channelProperties>
      <channelProperties channel="ch10">
        <bufferSize sz="8" src="4" dst="4" mem="8"/>
        <tokenSize sz="1"/>
      </channelProperties>
      <graphProperties/>
    </sdfProperties>
  </applicationGraph>
</sdf3>
