<?xml version="1.0" encoding="UTF-8"?>
<sdf3 type="sdf" version="1.0">
  <applicationGraph>
    <sdf name="g" type="G">
      <actor name="a0" type="A1">
        <port name="p0" type="in" rate="5"/>
        <port name="p2" type="out" rate="3"/>
        <port name="p3" type="out" rate="5"/>
        <port name="p4" type="out" rate="3"/>
      </actor>
      <actor name="a1" type="A3">
        <port name="p0" type="in" rate="1"/>
        <port name="p1" type="in" rate="1"/>
        <port name="p2" type="out" rate="1"/>
        <port name="p3" type="out" rate="2"/>
      </actor>
      <actor name="a2" type="A4">
        <port name="p0" type="in" rate="1"/>
        <port name="p1" type="in" rate="30"/>
        <port name="p2" type="out" rate="6"/>
        <port name="p3" type="out" rate="5"/>
      </actor>
      <actor name="a3" type="A7">
        <port name="p0" type="in" rate="128"/>
        <port name="p1" type="out" rate="4"/>
      </actor>
      <actor name="a4" type="A8">
        <port name="p0" type="in" rate="8"/>
        <port name="p1" type="out" rate="3"/>
      </actor>
      <actor name="a5" type="A9">
        <port name="p0" type="in" rate="24"/>
        <port name="p1" type="in" rate="3"/>
        <port name="p2" type="out" rate="4"/>
        <port name="p3" type="out" rate="120"/>
      </actor>
      <actor name="a6" type="A11">
        <port name="p0" type="in" rate="1"/>
        <port name="p1" type="in" rate="1"/>
        <port name="p2" type="in" rate="3"/>
        <port name="p3" type="out" rate="1"/>
        <port name="p4" type="out" rate="5"/>
        <port name="p5" type="out" rate="1"/>
      </actor>
      <actor name="a7" type="A12">
        <port name="p0" type="in" rate="80"/>
        <port name="p1" type="in" rate="5"/>
        <port name="p2" type="out" rate="40"/>
        <port name="p3" type="out" rate="200"/>
      </actor>
      <actor name="a8" type="A13">
        <port name="p0" type="in" rate="3"/>
        <port name="p1" type="in" rate="80"/>
        <port name="p2" type="in" rate="5"/>
        <port name="p3" type="out" rate="6"/>
        <port name="p4" type="out" rate="2"/>
      </actor>
      <actor name="a9" type="A14">
        <port name="p0" type="in" rate="2"/>
        <port name="p2" type="in" rate="3"/>
        <port name="p3" type="out" rate="1"/>
      </actor>
      <channel name="ch0" srcActor="a1" srcPort="p3" dstActor="a0" dstPort="p0" initialTokens="6"/>
      <channel name="ch1" srcActor="a1" srcPort="p2" dstActor="a2" dstPort="p1" initialTokens="28"/>
      <channel name="ch2" srcActor="a0" srcPort="p2" dstActor="a3" dstPort="p0" initialTokens="118"/>
      <channel name="ch3" srcActor="a2" srcPort="p3" dstActor="a4" dstPort="p0" initialTokens="6"/>
      <channel name="ch4" srcActor="a5" srcPort="p3" dstActor="a1" dstPort="p1" initialTokens="4592"/>
      <channel name="ch5" srcActor="a6" srcPort="p4" dstActor="a1" dstPort="p0" initialTokens="4672"/>
      <channel name="ch6" srcActor="a0" srcPort="p4" dstActor="a7" dstPort="p0" initialTokens="150"/>
      <channel name="ch7" srcActor="a3" srcPort="p1" dstActor="a8" dstPort="p0" initialTokens="1"/>
      <channel name="ch8" srcActor="a0" srcPort="p3" dstActor="a9" dstPort="p0" initialTokens="954"/>
      <channel name="ch9" srcActor="a5" srcPort="p2" dstActor="a2" dstPort="p0" initialTokens="154"/>
      <channel name="ch10" srcActor="a8" srcPort="p4" dstActor="a5" dstPort="p1" initialTokens="2"/>
      <channel name="ch11" srcActor="a8" srcPort="p3" dstActor="a7" dstPort="p1"/>
      <channel name="ch12" srcActor="a6" srcPort="p5" dstActor="a6" dstPort="p0" initialTokens="960"/>
      <channel name="ch13" srcActor="a7" srcPort="p2" dstActor="a6" dstPort="p2"/>
      <channel name="ch14" srcActor="a2" srcPort="p2" dstActor="a6" dstPort="p1" initialTokens="980"/>
      <channel name="ch15" srcActor="a4" srcPort="p1" dstActor="a8" dstPort="p2" initialTokens="4"/>
      <channel name="ch16" srcActor="a7" srcPort="p3" dstActor="a9" dstPort="p2" initialTokens="1056"/>
      <channel name="ch17" srcActor="a6" srcPort="p3" dstActor="a5" dstPort="p0" initialTokens="16"/>
      <channel name="ch18" srcActor="a9" srcPort="p3" dstActor="a8" dstPort="p1" initialTokens="4448"/>
    </sdf>
    <sdfProperties>
      <actorProperties actor="a0">
        <processor type="p1" default="true">
          <executionTime proc="proc0" time="2" default="true"/>
        </processor>
        <memory>
          <stateSize max="1"/>
        </memory>
        <timeConstraints>
          <throughput>1/500</throughput>
        </timeConstraints>
      </actorProperties>
      <actorProperties actor="a1">
        <processor type="p1" default="true">
          <executionTime proc="proc0" time="2" default="true"/>
        </processor>
        <memory>
          <stateSize max="1"/>
        </memory>
      </actorProperties>
      <actorProperties actor="a2">
        <processor type="p1" default="true">
          <executionTime proc="proc0" time="2" default="true"/>
        </processor>
        <memory>
          <stateSize max="1"/>
        </memory>
      </actorProperties>
      <actorProperties actor="a3">
        <processor type="p1" default="true">
          <executionTime proc="proc0" time="2" default="true"/>
        </processor>
        <memory>
          <stateSize max="1"/>
        </memory>
      </actorProperties>
      <actorProperties actor="a4">
        <processor type="p1" default="true">
          <executionTime proc="proc0" time="2" default="true"/>
        </processor>
        <memory>
          <stateSize max="1"/>
        </memory>
      </actorProperties>
      <actorProperties actor="a5">
        <processor type="p1" default="true">
          <executionTime proc="proc0" time="2" default="true"/>
        </processor>
        <memory>
          <stateSize max="1"/>
        </memory>
      </actorProperties>
      <actorProperties actor="a6">
        <processor type="p1" default="true">
          <executionTime proc="proc0" time="2" default="true"/>
        </processor>
        <memory>
          <stateSize max="1"/>
        </memory>
      </actorProperties>
      <actorProperties actor="a7">
        <processor type="p1" default="true">
          <executionTime proc="proc0" time="2" default="true"/>
        </processor>
        <memory>
          <stateSize max="1"/>
        </memory>
      </actorProperties>
      <actorProperties actor="a8">
        <processor type="p1" default="true">
          <executionTime proc="proc0" time="2" default="true"/>
        </processor>
        <memory>
          <stateSize max="1"/>
        </memory>
      </actorProperties>
      <actorProperties actor="a9">
        <processor type="p1" default="true">
          <executionTime proc="proc0" time="2" default="true"/>
        </processor>
        <memory>
          <stateSize max="1"/>
        </memory>
      </actorProperties>
      <channelProperties channel="ch0">
        <bufferSize sz="12" src="6" dst="6" mem="12"/>
        <tokenSize sz="1"/>
      </channelProperties>
      <channelProperties channel="ch1">
        <bufferSize sz="60" src="30" dst="30" mem="60"/>
        <tokenSize sz="1"/>
      </channelProperties>
      <channelProperties channel="ch2">
        <bufferSize sz="260" src="130" dst="130" mem="260"/>
        <tokenSize sz="1"/>
      </channelProperties>
      <channelProperties channel="ch3">
        <bufferSize sz="24" src="12" dst="12" mem="24"/>
        <tokenSize sz="1"/>
      </channelProperties>
      <channelProperties channel="ch4">
        <bufferSize sz="240" src="120" dst="120" mem="240"/>
        <tokenSize sz="1"/>
      </channelProperties>
      <channelProperties channel="ch5">
        <bufferSize sz="10" src="5" dst="5" mem="10"/>
        <tokenSize sz="1"/>
      </channelProperties>
      <channelProperties channel="ch6">
        <bufferSize sz="164" src="82" dst="82" mem="164"/>
        <tokenSize sz="1"/>
      </channelProperties>
      <channelProperties channel="ch7">
        <bufferSize sz="12" src="6" dst="6" mem="12"/>
        <tokenSize sz="1"/>
      </channelProperties>
      <channelProperties channel="ch8">
        <bufferSize sz="12" src="6" dst="6" mem="12"/>
        <tokenSize sz="1"/>
      </channelProperties>
      <channelProperties channel="ch9">
        <bufferSize sz="8" src="4" dst="4" mem="8"/>
        <tokenSize sz="1"/>
      </channelProperties>
      <channelProperties channel="ch10">
        <bufferSize sz="8" src="4" dst="4" mem="8"/>
        <tokenSize sz="1"/>
      </channelProperties>
      <channelProperties channel="ch11">
        <bufferSize sz="20" src="10" dst="10" mem="20"/>
        <tokenSize sz="1"/>
      </channelProperties>
      <channelProperties channel="ch12">
        <bufferSize sz="2" src="1" dst="1" mem="2"/>
        <tokenSize sz="1"/>
      </channelProperties>
      <channelProperties channel="ch13">
        <bufferSize sz="84" src="42" dst="42" mem="84"/>
        <tokenSize sz="1"/>
      </channelProperties>
      <channelProperties channel="ch14">
        <bufferSize sz="12" src="6" dst="6" mem="12"/>
        <tokenSize sz="1"/>
      </channelProperties>
      <channelProperties channel="ch15">
        <bufferSize sz="14" src="7" dst="7" mem="14"/>
        <tokenSize sz="1"/>
      </channelProperties>
      <channelProperties channel="ch16">
        <bufferSize sz="404" src="202" dst="202" mem="404"/>
        <tokenSize sz="1"/>
      </channelProperties>
      <channelProperties channel="ch17">
        <bufferSize sz="48" src="24" dst="24" mem="48"/>
        <tokenSize sz="1"/>
      </channelProperties>
      <channelProperties channel="ch18">
        <bufferSize sz="160" src="80" dst="80" mem="160"/>
        <tokenSize sz="1"/>
      </channelProperties>
      <graphProperties/>
    </sdfProperties>
  </applicationGraph>
</sdf3>
