<?xml version="1.0" encoding="UTF-8"?>
<sdf3 type="sdf" version="1.0">
  <applicationGraph>
    <sdf name="g" type="G">
      <actor name="a0" type="A0">
        <port name="p0" type="in" rate="6"/>
        <port name="p3" type="out" rate="27"/>
      </actor>
      <actor name="a1" type="A1">
        <port name="p0" type="in" rate="1"/>
        <port name="p1" type="in" rate="50"/>
        <port name="p2" type="out" rate="3"/>
      </actor>
      <actor name="a2" type="A2">
        <port name="p0" type="in" rate="6"/>
        <port name="p2" type="out" rate="1"/>
      </actor>
      <actor name="a3" type="A3">
        <port name="p0" type="in" rate="60"/>
        <port name="p1" type="out" rate="4"/>
        <port name="p2" type="out" rate="800"/>
      </actor>
      <actor name="a4" type="A4">
        <port name="p0" type="in" rate="2"/>
        <port name="p1" type="out" rate="5"/>
      </actor>
      <actor name="a5" type="A6">
        <port name="p0" type="in" rate="1"/>
        <port name="p1" type="in" rate="200"/>
        <port name="p2" type="out" rate="3"/>
      </actor>
      <actor name="a6" type="A7">
        <port name="p0" type="in" rate="1"/>
        <port name="p1" type="in" rate="3"/>
        <port name="p3" type="out" rate="4"/>
      </actor>
      <actor name="a7" type="A11">
        <port name="p0" type="in" rate="3"/>
        <port name="p1" type="out" rate="1"/>
        <port name="p2" type="out" rate="3"/>
      </actor>
      <actor name="a8" type="A12">
        <port name="p1" type="in" rate="3"/>
        <port name="p2" type="out" rate="81"/>
        <port name="p3" type="out" rate="3"/>
        <port name="p4" type="out" rate="5"/>
      </actor>
      <actor name="a9" type="A13">
        <port name="p0" type="in" rate="400"/>
        <port name="p1" type="in" rate="2"/>
        <port name="p2" type="out" rate="2"/>
      </actor>
      <channel name="ch0" srcActor="a0" srcPort="p3" dstActor="a1" dstPort="p1" initialTokens="55434"/>
      <channel name="ch1" srcActor="a1" srcPort="p2" dstActor="a2" dstPort="p0"/>
      <channel name="ch2" srcActor="a2" srcPort="p2" dstActor="a3" dstPort="p0" initialTokens="45"/>
      <channel name="ch3" srcActor="a4" srcPort="p1" dstActor="a1" dstPort="p0"/>
      <channel name="ch4" srcActor="a3" srcPort="p1" dstActor="a5" dstPort="p0" initialTokens="33"/>
      <channel name="ch5" srcActor="a6" srcPort="p3" dstActor="a4" dstPort="p0"/>
      <channel name="ch6" srcActor="a7" srcPort="p1" dstActor="a6" dstPort="p1" initialTokens="333"/>
      <channel name="ch7" srcActor="a3" srcPort="p2" dstActor="a8" dstPort="p1" initialTokens="6398"/>
      <channel name="ch8" srcActor="a8" srcPort="p2" dstActor="a9" dstPort="p0" initialTokens="54"/>
      <channel name="ch9" srcActor="a9" srcPort="p2" dstActor="a7" dstPort="p0"/>
      <channel name="ch10" srcActor="a5" srcPort="p2" dstActor="a6" dstPort="p0"/>
      <channel name="ch11" srcActor="a8" srcPort="p3" dstActor="a5" dstPort="p1" initialTokens="202"/>
      <channel name="ch12" srcActor="a7" srcPort="p2" dstActor="a9" dstPort="p1" initialTokens="972"/>
      <channel name="ch13" srcActor="a8" srcPort="p4" dstActor="a0" dstPort="p0" initialTokens="18"/>
    </sdf>
    <sdfProperties>
      <actorProperties actor="a0">
        <processor type="p1" default="true">
          <executionTime proc="proc0" time="2" default="true"/>
        </processor>
        <memory>
          <stateSize max="1"/>
        </memory>
        <timeConstraints>
          <throughput>1/400</throughput>
        </timeConstraints>
      </actorProperties>
      <actorProperties actor="a1">
        <processor type="p1" default="true">
          <executionTime proc="proc0" time="2" default="true"/>
        </processor>
        <memory>
          <stateSize max="1"/>
        </memory>
      </actorProperties>
      <actorProperties actor="a2">
        <processor type="p1" default="true">
          <executionTime proc="proc0" time="2" default="true"/>
        </processor>
        <memory>
          <stateSize max="1"/>
        </memory>
      </actorProperties>
      <actorProperties actor="a3">
        <processor type="p1" default="true">
          <executionTime proc="proc0" time="2" default="true"/>
        </processor>
        <memory>
          <stateSize max="1"/>
        </memory>
      </actorProperties>
      <actorProperties actor="a4">
        <processor type="p1" default="true">
          <executionTime proc="proc0" time="2" default="true"/>
        </processor>
        <memory>
          <stateSize max="1"/>
        </memory>
      </actorProperties>
      <actorProperties actor="a5">
        <processor type="p1" default="true">
          <executionTime proc="proc0" time="2" default="true"/>
        </processor>
        <memory>
          <stateSize max="1"/>
        </memory>
      </actorProperties>
      <actorProperties actor="a6">
        <processor type="p1" default="true">
          <executionTime proc="proc0" time="2" default="true"/>
        </processor>
        <memory>
          <stateSize max="1"/>
        </memory>
      </actorProperties>
      <actorProperties actor="a7">
        <processor type="p1" default="true">
          <executionTime proc="proc0" time="2" default="true"/>
        </processor>
        <memory>
          <stateSize max="1"/>
        </memory>
      </actorProperties>
      <actorProperties actor="a8">
        <processor type="p1" default="true">
          <executionTime proc="proc0" time="2" default="true"/>
        </processor>
        <memory>
          <stateSize max="1"/>
        </memory>
      </actorProperties>
      <actorProperties actor="a9">
        <processor type="p1" default="true">
          <executionTime proc="proc0" time="2" default="true"/>
        </processor>
        <memory>
          <stateSize max="1"/>
        </memory>
      </actorProperties>
      <channelProperties channel="ch0">
        <bufferSize sz="152" src="76" dst="76" mem="152"/>
        <tokenSize sz="1"/>
      </channelProperties>
      <channelProperties channel="ch1">
        <bufferSize sz="12" src="6" dst="6" mem="12"/>
        <tokenSize sz="1"/>
      </channelProperties>
      <channelProperties channel="ch2">
        <bufferSize sz="120" src="60" dst="60" mem="120"/>
        <tokenSize sz="1"/>
      </channelProperties>
      <channelProperties channel="ch3">
        <bufferSize sz="10" src="5" dst="5" mem="10"/>
        <tokenSize sz="1"/>
      </channelProperties>
      <channelProperties channel="ch4">
        <bufferSize sz="8" src="4" dst="4" mem="8"/>
        <tokenSize sz="1"/>
      </channelProperties>
      <channelProperties channel="ch5">
        <bufferSize sz="8" src="4" dst="4" mem="8"/>
        <tokenSize sz="1"/>
      </channelProperties>
      <channelProperties channel="ch6">
        <bufferSize sz="6" src="3" dst="3" mem="6"/>
        <tokenSize sz="1"/>
      </channelProperties>
      <channelProperties channel="ch7">
        <bufferSize sz="1604" src="802" dst="802" mem="1604"/>
        <tokenSize sz="1"/>
      </channelProperties>
      <channelProperties channel="ch8">
        <bufferSize sz="960" src="480" dst="480" mem="960"/>
        <tokenSize sz="1"/>
      </channelProperties>
      <channelProperties channel="ch9">
        <bufferSize sz="8" src="4" dst="4" mem="8"/>
        <tokenSize sz="1"/>
      </channelProperties>
      <channelProperties channel="ch10">
        <bufferSize sz="6" src="3" dst="3" mem="6"/>
        <tokenSize sz="1"/>
      </channelProperties>
      <channelProperties channel="ch11">
        <bufferSize sz="404" src="202" dst="202" mem="404"/>
        <tokenSize sz="1"/>
      </channelProperties>
      <channelProperties channel="ch12">
        <bufferSize sz="8" src="4" dst="4" mem="8"/>
        <tokenSize sz="1"/>
      </channelProperties>
      <channelProperties channel="ch13">
        <bufferSize sz="20" src="10" dst="10" mem="20"/>
        <tokenSize sz="1"/>
      </channelProperties>
      <graphProperties/>
    </sdfProperties>
  </applicationGraph>
</sdf3>
