<?xml version="1.0" encoding="UTF-8"?>
<sdf3 type="sdf" version="1.0">
  <applicationGraph>
    <sdf name="g" type="G">
      <actor name="a0" type="A0">
        <port name="p1" type="in" rate="432"/>
        <port name="p2" type="out" rate="9"/>
      </actor>
      <actor name="a1" type="A1">
        <port name="p2" type="in" rate="25"/>
        <port name="p3" type="out" rate="72"/>
      </actor>
      <actor name="a2" type="A6">
        <port name="p0" type="in" rate="3"/>
        <port name="p1" type="out" rate="625"/>
      </actor>
      <actor name="a3" type="A12">
        <port name="p0" type="in" rate="3"/>
        <port name="p1" type="in" rate="25"/>
        <port name="p2" type="out" rate="2"/>
        <port name="p3" type="out" rate="5"/>
      </actor>
      <actor name="a4" type="A13">
        <port name="p2" type="in" rate="3"/>
        <port name="p3" type="out" rate="9"/>
      </actor>
      <actor name="a5" type="A14">
        <port name="p0" type="in" rate="20"/>
        <port name="p1" type="out" rate="4"/>
      </actor>
      <channel name="ch0" srcActor="a0" srcPort="p2" dstActor="a1" dstPort="p2" initialTokens="11"/>
      <channel name="ch1" srcActor="a2" srcPort="p1" dstActor="a0" dstPort="p1" initialTokens="2522"/>
      <channel name="ch2" srcActor="a3" srcPort="p2" dstActor="a2" dstPort="p0" initialTokens="2"/>
      <channel name="ch3" srcActor="a4" srcPort="p3" dstActor="a5" dstPort="p0" initialTokens="66"/>
      <channel name="ch4" srcActor="a5" srcPort="p1" dstActor="a3" dstPort="p0"/>
      <channel name="ch5" srcActor="a3" srcPort="p3" dstActor="a4" dstPort="p2" initialTokens="3218"/>
      <channel name="ch6" srcActor="a1" srcPort="p3" dstActor="a3" dstPort="p1" initialTokens="15992"/>
    </sdf>
    <sdfProperties>
      <actorProperties actor="a0">
        <processor type="p1" default="true">
          <executionTime proc="proc0" time="2" default="true"/>
        </processor>
        <memory>
          <stateSize max="1"/>
        </memory>
        <timeConstraints>
          <throughput>1/910</throughput>
        </timeConstraints>
      </actorProperties>
      <actorProperties actor="a1">
        <processor type="p1" default="true">
          <executionTime proc="proc0" time="2" default="true"/>
        </processor>
        <memory>
          <stateSize max="1"/>
        </memory>
      </actorProperties>
      <actorProperties actor="a2">
        <processor type="p1" default="true">
          <executionTime proc="proc0" time="2" default="true"/>
        </processor>
        <memory>
          <stateSize max="1"/>
        </memory>
      </actorProperties>
      <actorProperties actor="a3">
        <processor type="p1" default="true">
          <executionTime proc="proc0" time="2" default="true"/>
        </processor>
        <memory>
          <stateSize max="1"/>
        </memory>
      </actorProperties>
      <actorProperties actor="a4">
        <processor type="p1" default="true">
          <executionTime proc="proc0" time="2" default="true"/>
        </processor>
        <memory>
          <stateSize max="1"/>
        </memory>
      </actorProperties>
      <actorProperties actor="a5">
        <processor type="p1" default="true">
          <executionTime proc="proc0" time="2" default="true"/>
        </processor>
        <memory>
          <stateSize max="1"/>
        </memory>
      </actorProperties>
      <channelProperties channel="ch0">
        <bufferSize sz="66" src="33" dst="33" mem="66"/>
        <tokenSize sz="1"/>
      </channelProperties>
      <channelProperties channel="ch1">
        <bufferSize sz="2112" src="1056" dst="1056" mem="2112"/>
        <tokenSize sz="1"/>
      </channelProperties>
      <channelProperties channel="ch2">
        <bufferSize sz="8" src="4" dst="4" mem="8"/>
        <tokenSize sz="1"/>
      </channelProperties>
      <channelProperties channel="ch3">
        <bufferSize sz="56" src="28" dst="28" mem="56"/>
        <tokenSize sz="1"/>
      </channelProperties>
      <channelProperties channel="ch4">
        <bufferSize sz="12" src="6" dst="6" mem="12"/>
        <tokenSize sz="1"/>
      </channelProperties>
      <channelProperties channel="ch5">
        <bufferSize sz="14" src="7" dst="7" mem="14"/>
        <tokenSize sz="1"/>
      </channelProperties>
      <channelProperties channel="ch6">
        <bufferSize sz="192" src="96" dst="96" mem="192"/>
        <tokenSize sz="1"/>
      </channelProperties>
      <graphProperties/>
    </sdfProperties>
  </applicationGraph>
</sdf3>
