<?xml version="1.0" encoding="UTF-8"?>
<sdf3 type="sdf" version="1.0">
  <applicationGraph>
    <sdf name="g" type="G">
      <actor name="a0" type="A0">
        <port name="p0" type="in" rate="1"/>
        <port name="p1" type="out" rate="2"/>
      </actor>
      <actor name="a1" type="A1">
        <port name="p0" type="in" rate="2"/>
        <port name="p1" type="out" rate="4"/>
      </actor>
      <actor name="a2" type="A3">
        <port name="p0" type="in" rate="4"/>
        <port name="p1" type="out" rate="3"/>
      </actor>
      <actor name="a3" type="A4">
        <port name="p0" type="in" rate="2"/>
        <port name="p1" type="out" rate="3"/>
      </actor>
      <actor name="a4" type="A5">
        <port name="p0" type="in" rate="1"/>
        <port name="p1" type="out" rate="5"/>
      </actor>
      <actor name="a5" type="A7">
        <port name="p1" type="in" rate="135"/>
        <port name="p3" type="out" rate="6"/>
      </actor>
      <channel name="ch0" srcActor="a1" srcPort="p1" dstActor="a0" dstPort="p0" initialTokens="469"/>
      <channel name="ch1" srcActor="a2" srcPort="p1" dstActor="a1" dstPort="p0" initialTokens="2"/>
      <channel name="ch2" srcActor="a3" srcPort="p1" dstActor="a2" dstPort="p0" initialTokens="8"/>
      <channel name="ch3" srcActor="a4" srcPort="p1" dstActor="a3" dstPort="p0" initialTokens="7"/>
      <channel name="ch4" srcActor="a5" srcPort="p3" dstActor="a4" dstPort="p0" initialTokens="3"/>
      <channel name="ch5" srcActor="a0" srcPort="p1" dstActor="a5" dstPort="p1" initialTokens="11"/>
    </sdf>
    <sdfProperties>
      <actorProperties actor="a0">
        <processor type="p1" default="true">
          <executionTime proc="proc0" time="2" default="true"/>
        </processor>
        <memory>
          <stateSize max="1"/>
        </memory>
        <timeConstraints>
          <throughput>1/120</throughput>
        </timeConstraints>
      </actorProperties>
      <actorProperties actor="a1">
        <processor type="p1" default="true">
          <executionTime proc="proc0" time="2" default="true"/>
        </processor>
        <memory>
          <stateSize max="1"/>
        </memory>
      </actorProperties>
      <actorProperties actor="a2">
        <processor type="p1" default="true">
          <executionTime proc="proc0" time="2" default="true"/>
        </processor>
        <memory>
          <stateSize max="1"/>
        </memory>
      </actorProperties>
      <actorProperties actor="a3">
        <processor type="p1" default="true">
          <executionTime proc="proc0" time="2" default="true"/>
        </processor>
        <memory>
          <stateSize max="1"/>
        </memory>
      </actorProperties>
      <actorProperties actor="a4">
        <processor type="p1" default="true">
          <executionTime proc="proc0" time="2" default="true"/>
        </processor>
        <memory>
          <stateSize max="1"/>
        </memory>
      </actorProperties>
      <actorProperties actor="a5">
        <processor type="p1" default="true">
          <executionTime proc="proc0" time="2" default="true"/>
        </processor>
        <memory>
          <stateSize max="1"/>
        </memory>
      </actorProperties>
      <channelProperties channel="ch0">
        <bufferSize sz="8" src="4" dst="4" mem="8"/>
        <tokenSize sz="1"/>
      </channelProperties>
      <channelProperties channel="ch1">
        <bufferSize sz="8" src="4" dst="4" mem="8"/>
        <tokenSize sz="1"/>
      </channelProperties>
      <channelProperties channel="ch2">
        <bufferSize sz="12" src="6" dst="6" mem="12"/>
        <tokenSize sz="1"/>
      </channelProperties>
      <channelProperties channel="ch3">
        <bufferSize sz="12" src="6" dst="6" mem="12"/>
        <tokenSize sz="1"/>
      </channelProperties>
      <channelProperties channel="ch4">
        <bufferSize sz="12" src="6" dst="6" mem="12"/>
        <tokenSize sz="1"/>
      </channelProperties>
      <channelProperties channel="ch5">
        <bufferSize sz="272" src="136" dst="136" mem="272"/>
        <tokenSize sz="1"/>
      </channelProperties>
      <graphProperties/>
    </sdfProperties>
  </applicationGraph>
</sdf3>
