<?xml version="1.0" encoding="UTF-8"?>
<sdf3 type="sdf" version="1.0">
  <applicationGraph>
    <sdf name="g" type="G">
      <actor name="a0" type="A0">
        <port name="p1" type="in" rate="18"/>
        <port name="p2" type="out" rate="9"/>
      </actor>
      <actor name="a1" type="A1">
        <port name="p0" type="in" rate="1"/>
        <port name="p1" type="out" rate="2"/>
      </actor>
      <actor name="a2" type="A2">
        <port name="p0" type="in" rate="1"/>
        <port name="p1" type="out" rate="2"/>
      </actor>
      <actor name="a3" type="A4">
        <port name="p0" type="in" rate="2"/>
        <port name="p1" type="out" rate="1"/>
      </actor>
      <actor name="a4" type="A5">
        <port name="p0" type="in" rate="2"/>
        <port name="p2" type="out" rate="2"/>
      </actor>
      <actor name="a5" type="A8">
        <port name="p0" type="in" rate="3"/>
        <port name="p2" type="out" rate="1"/>
      </actor>
      <actor name="a6" type="A11">
        <port name="p0" type="in" rate="1"/>
        <port name="p1" type="out" rate="3"/>
      </actor>
      <actor name="a7" type="A13">
        <port name="p0" type="in" rate="1"/>
        <port name="p2" type="out" rate="1"/>
      </actor>
      <actor name="a8" type="A15">
        <port name="p0" type="in" rate="1"/>
        <port name="p1" type="out" rate="1"/>
      </actor>
      <actor name="a9" type="A17">
        <port name="p0" type="in" rate="2"/>
        <port name="p1" type="out" rate="2"/>
      </actor>
      <actor name="a10" type="A19">
        <port name="p0" type="in" rate="1"/>
        <port name="p1" type="out" rate="1"/>
      </actor>
      <channel name="ch0" srcActor="a0" srcPort="p2" dstActor="a1" dstPort="p0" initialTokens="9"/>
      <channel name="ch1" srcActor="a1" srcPort="p1" dstActor="a2" dstPort="p0"/>
      <channel name="ch2" srcActor="a2" srcPort="p1" dstActor="a3" dstPort="p0"/>
      <channel name="ch3" srcActor="a3" srcPort="p1" dstActor="a4" dstPort="p0"/>
      <channel name="ch4" srcActor="a5" srcPort="p2" dstActor="a0" dstPort="p1"/>
      <channel name="ch5" srcActor="a6" srcPort="p1" dstActor="a5" dstPort="p0"/>
      <channel name="ch6" srcActor="a4" srcPort="p2" dstActor="a7" dstPort="p0"/>
      <channel name="ch7" srcActor="a8" srcPort="p1" dstActor="a6" dstPort="p0"/>
      <channel name="ch8" srcActor="a9" srcPort="p1" dstActor="a8" dstPort="p0"/>
      <channel name="ch9" srcActor="a7" srcPort="p2" dstActor="a10" dstPort="p0"/>
      <channel name="ch10" srcActor="a10" srcPort="p1" dstActor="a9" dstPort="p0"/>
    </sdf>
    <sdfProperties>
      <actorProperties actor="a0">
        <processor type="p1" default="true">
          <executionTime proc="proc0" time="2" default="true"/>
        </processor>
        <memory>
          <stateSize max="1"/>
        </memory>
        <timeConstraints>
          <throughput>1/140</throughput>
        </timeConstraints>
      </actorProperties>
      <actorProperties actor="a1">
        <processor type="p1" default="true">
          <executionTime proc="proc0" time="2" default="true"/>
        </processor>
        <memory>
          <stateSize max="1"/>
        </memory>
      </actorProperties>
      <actorProperties actor="a2">
        <processor type="p1" default="true">
          <executionTime proc="proc0" time="2" default="true"/>
        </processor>
        <memory>
          <stateSize max="1"/>
        </memory>
      </actorProperties>
      <actorProperties actor="a3">
        <processor type="p1" default="true">
          <executionTime proc="proc0" time="2" default="true"/>
        </processor>
        <memory>
          <stateSize max="1"/>
        </memory>
      </actorProperties>
      <actorProperties actor="a4">
        <processor type="p1" default="true">
          <executionTime proc="proc0" time="2" default="true"/>
        </processor>
        <memory>
          <stateSize max="1"/>
        </memory>
      </actorProperties>
      <actorProperties actor="a5">
        <processor type="p1" default="true">
          <executionTime proc="proc0" time="2" default="true"/>
        </processor>
        <memory>
          <stateSize max="1"/>
        </memory>
      </actorProperties>
      <actorProperties actor="a6">
        <processor type="p1" default="true">
          <executionTime proc="proc0" time="2" default="true"/>
        </processor>
        <memory>
          <stateSize max="1"/>
        </memory>
      </actorProperties>
      <actorProperties actor="a7">
        <processor type="p1" default="true">
          <executionTime proc="proc0" time="2" default="true"/>
        </processor>
        <memory>
          <stateSize max="1"/>
        </memory>
      </actorProperties>
      <actorProperties actor="a8">
        <processor type="p1" default="true">
          <executionTime proc="proc0" time="2" default="true"/>
        </processor>
        <memory>
          <stateSize max="1"/>
        </memory>
      </actorProperties>
      <actorProperties actor="a9">
        <processor type="p1" default="true">
          <executionTime proc="proc0" time="2" default="true"/>
        </processor>
        <memory>
          <stateSize max="1"/>
        </memory>
      </actorProperties>
      <actorProperties actor="a10">
        <processor type="p1" default="true">
          <executionTime proc="proc0" time="2" default="true"/>
        </processor>
        <memory>
          <stateSize max="1"/>
        </memory>
      </actorProperties>
      <channelProperties channel="ch0">
        <bufferSize sz="18" src="9" dst="9" mem="18"/>
        <tokenSize sz="1"/>
      </channelProperties>
      <channelProperties channel="ch1">
        <bufferSize sz="4" src="2" dst="2" mem="4"/>
        <tokenSize sz="1"/>
      </channelProperties>
      <channelProperties channel="ch2">
        <bufferSize sz="4" src="2" dst="2" mem="4"/>
        <tokenSize sz="1"/>
      </channelProperties>
      <channelProperties channel="ch3">
        <bufferSize sz="4" src="2" dst="2" mem="4"/>
        <tokenSize sz="1"/>
      </channelProperties>
      <channelProperties channel="ch4">
        <bufferSize sz="36" src="18" dst="18" mem="36"/>
        <tokenSize sz="1"/>
      </channelProperties>
      <channelProperties channel="ch5">
        <bufferSize sz="6" src="3" dst="3" mem="6"/>
        <tokenSize sz="1"/>
      </channelProperties>
      <channelProperties channel="ch6">
        <bufferSize sz="4" src="2" dst="2" mem="4"/>
        <tokenSize sz="1"/>
      </channelProperties>
      <channelProperties channel="ch7">
        <bufferSize sz="2" src="1" dst="1" mem="2"/>
        <tokenSize sz="1"/>
      </channelProperties>
      <channelProperties channel="ch8">
        <bufferSize sz="4" src="2" dst="2" mem="4"/>
        <tokenSize sz="1"/>
      </channelProperties>
      <channelProperties channel="ch9">
        <bufferSize sz="2" src="1" dst="1" mem="2"/>
        <tokenSize sz="1"/>
      </channelProperties>
      <channelProperties channel="ch10">
        <bufferSize sz="4" src="2" dst="2" mem="4"/>
        <tokenSize sz="1"/>
      </channelProperties>
      <graphProperties/>
    </sdfProperties>
  </applicationGraph>
</sdf3>
