<?xml version="1.0" encoding="UTF-8"?>
<sdf3 type="sdf" version="1.0">
  <applicationGraph>
    <sdf name="g" type="G">
      <actor name="a0" type="A0">
        <port name="p0" type="in" rate="1"/>
        <port name="p1" type="out" rate="1"/>
      </actor>
      <actor name="a1" type="A1">
        <port name="p0" type="in" rate="1"/>
        <port name="p1" type="out" rate="3"/>
        <port name="p2" type="out" rate="1"/>
      </actor>
      <actor name="a2" type="A2">
        <port name="p0" type="in" rate="27"/>
        <port name="p1" type="out" rate="3"/>
      </actor>
      <actor name="a3" type="A3">
        <port name="p0" type="in" rate="1"/>
        <port name="p1" type="out" rate="2"/>
      </actor>
      <actor name="a4" type="A8">
        <port name="p0" type="in" rate="2"/>
        <port name="p1" type="in" rate="1"/>
        <port name="p3" type="out" rate="1"/>
      </actor>
      <actor name="a5" type="A9">
        <port name="p0" type="in" rate="1"/>
        <port name="p1" type="out" rate="1"/>
      </actor>
      <actor name="a6" type="A10">
        <port name="p0" type="in" rate="2"/>
        <port name="p1" type="out" rate="2"/>
      </actor>
      <actor name="a7" type="A11">
        <port name="p0" type="in" rate="3"/>
        <port name="p1" type="in" rate="1"/>
        <port name="p2" type="out" rate="1"/>
        <port name="p3" type="out" rate="1"/>
      </actor>
      <actor name="a8" type="A12">
        <port name="p0" type="in" rate="2"/>
        <port name="p1" type="out" rate="3"/>
      </actor>
      <actor name="a9" type="A15">
        <port name="p0" type="in" rate="2"/>
        <port name="p2" type="out" rate="1"/>
      </actor>
      <actor name="a10" type="A16">
        <port name="p0" type="in" rate="3"/>
        <port name="p1" type="out" rate="2"/>
      </actor>
      <actor name="a11" type="A18">
        <port name="p0" type="in" rate="2"/>
        <port name="p1" type="out" rate="3"/>
      </actor>
      <actor name="a12" type="A19">
        <port name="p0" type="in" rate="1"/>
        <port name="p1" type="out" rate="2"/>
      </actor>
      <actor name="a13" type="A20">
        <port name="p0" type="in" rate="2"/>
        <port name="p1" type="out" rate="1"/>
      </actor>
      <actor name="a14" type="A21">
        <port name="p0" type="in" rate="2"/>
        <port name="p1" type="in" rate="3"/>
        <port name="p2" type="out" rate="1"/>
      </actor>
      <actor name="a15" type="A22">
        <port name="p0" type="in" rate="1"/>
        <port name="p1" type="out" rate="2"/>
        <port name="p2" type="out" rate="2"/>
      </actor>
      <actor name="a16" type="A24">
        <port name="p0" type="in" rate="1"/>
        <port name="p1" type="out" rate="3"/>
      </actor>
      <channel name="ch0" srcActor="a1" srcPort="p2" dstActor="a0" dstPort="p0" initialTokens="1"/>
      <channel name="ch1" srcActor="a0" srcPort="p1" dstActor="a2" dstPort="p0" initialTokens="8"/>
      <channel name="ch2" srcActor="a3" srcPort="p1" dstActor="a1" dstPort="p0" initialTokens="3"/>
      <channel name="ch3" srcActor="a4" srcPort="p3" dstActor="a5" dstPort="p0" initialTokens="1"/>
      <channel name="ch4" srcActor="a1" srcPort="p1" dstActor="a6" dstPort="p0" initialTokens="261"/>
      <channel name="ch5" srcActor="a6" srcPort="p1" dstActor="a7" dstPort="p0" initialTokens="12"/>
      <channel name="ch6" srcActor="a2" srcPort="p1" dstActor="a8" dstPort="p0"/>
      <channel name="ch7" srcActor="a7" srcPort="p3" dstActor="a9" dstPort="p0"/>
      <channel name="ch8" srcActor="a10" srcPort="p1" dstActor="a4" dstPort="p1" initialTokens="1"/>
      <channel name="ch9" srcActor="a11" srcPort="p1" dstActor="a10" dstPort="p0"/>
      <channel name="ch10" srcActor="a12" srcPort="p1" dstActor="a7" dstPort="p1" initialTokens="106"/>
      <channel name="ch11" srcActor="a7" srcPort="p2" dstActor="a13" dstPort="p0"/>
      <channel name="ch12" srcActor="a14" srcPort="p2" dstActor="a11" dstPort="p0"/>
      <channel name="ch13" srcActor="a15" srcPort="p2" dstActor="a14" dstPort="p0" initialTokens="64"/>
      <channel name="ch14" srcActor="a16" srcPort="p1" dstActor="a3" dstPort="p0"/>
      <channel name="ch15" srcActor="a13" srcPort="p1" dstActor="a12" dstPort="p0" initialTokens="1"/>
      <channel name="ch16" srcActor="a9" srcPort="p2" dstActor="a14" dstPort="p1" initialTokens="1"/>
      <channel name="ch17" srcActor="a15" srcPort="p1" dstActor="a4" dstPort="p0" initialTokens="66"/>
      <channel name="ch18" srcActor="a8" srcPort="p1" dstActor="a15" dstPort="p0"/>
      <channel name="ch19" srcActor="a5" srcPort="p1" dstActor="a16" dstPort="p0"/>
    </sdf>
    <sdfProperties>
      <actorProperties actor="a0">
        <processor type="p1" default="true">
          <executionTime proc="proc0" time="2" default="true"/>
        </processor>
        <memory>
          <stateSize max="1"/>
        </memory>
        <timeConstraints>
          <throughput>1/980</throughput>
        </timeConstraints>
      </actorProperties>
      <actorProperties actor="a1">
        <processor type="p1" default="true">
          <executionTime proc="proc0" time="2" default="true"/>
        </processor>
        <memory>
          <stateSize max="1"/>
        </memory>
      </actorProperties>
      <actorProperties actor="a2">
        <processor type="p1" default="true">
          <executionTime proc="proc0" time="2" default="true"/>
        </processor>
        <memory>
          <stateSize max="1"/>
        </memory>
      </actorProperties>
      <actorProperties actor="a3">
        <processor type="p1" default="true">
          <executionTime proc="proc0" time="2" default="true"/>
        </processor>
        <memory>
          <stateSize max="1"/>
        </memory>
      </actorProperties>
      <actorProperties actor="a4">
        <processor type="p1" default="true">
          <executionTime proc="proc0" time="2" default="true"/>
        </processor>
        <memory>
          <stateSize max="1"/>
        </memory>
      </actorProperties>
      <actorProperties actor="a5">
        <processor type="p1" default="true">
          <executionTime proc="proc0" time="2" default="true"/>
        </processor>
        <memory>
          <stateSize max="1"/>
        </memory>
      </actorProperties>
      <actorProperties actor="a6">
        <processor type="p1" default="true">
          <executionTime proc="proc0" time="2" default="true"/>
        </processor>
        <memory>
          <stateSize max="1"/>
        </memory>
      </actorProperties>
      <actorProperties actor="a7">
        <processor type="p1" default="true">
          <executionTime proc="proc0" time="2" default="true"/>
        </processor>
        <memory>
          <stateSize max="1"/>
        </memory>
      </actorProperties>
      <actorProperties actor="a8">
        <processor type="p1" default="true">
          <executionTime proc="proc0" time="2" default="true"/>
        </processor>
        <memory>
          <stateSize max="1"/>
        </memory>
      </actorProperties>
      <actorProperties actor="a9">
        <processor type="p1" default="true">
          <executionTime proc="proc0" time="2" default="true"/>
        </processor>
        <memory>
          <stateSize max="1"/>
        </memory>
      </actorProperties>
      <actorProperties actor="a10">
        <processor type="p1" default="true">
          <executionTime proc="proc0" time="2" default="true"/>
        </processor>
        <memory>
          <stateSize max="1"/>
        </memory>
      </actorProperties>
      <actorProperties actor="a11">
        <processor type="p1" default="true">
          <executionTime proc="proc0" time="2" default="true"/>
        </processor>
        <memory>
          <stateSize max="1"/>
        </memory>
      </actorProperties>
      <actorProperties actor="a12">
        <processor type="p1" default="true">
          <executionTime proc="proc0" time="2" default="true"/>
        </processor>
        <memory>
          <stateSize max="1"/>
        </memory>
      </actorProperties>
      <actorProperties actor="a13">
        <processor type="p1" default="true">
          <executionTime proc="proc0" time="2" default="true"/>
        </processor>
        <memory>
          <stateSize max="1"/>
        </memory>
      </actorProperties>
      <actorProperties actor="a14">
        <processor type="p1" default="true">
          <executionTime proc="proc0" time="2" default="true"/>
        </processor>
        <memory>
          <stateSize max="1"/>
        </memory>
      </actorProperties>
      <actorProperties actor="a15">
        <processor type="p1" default="true">
          <executionTime proc="proc0" time="2" default="true"/>
        </processor>
        <memory>
          <stateSize max="1"/>
        </memory>
      </actorProperties>
      <actorProperties actor="a16">
        <processor type="p1" default="true">
          <executionTime proc="proc0" time="2" default="true"/>
        </processor>
        <memory>
          <stateSize max="1"/>
        </memory>
      </actorProperties>
      <channelProperties channel="ch0">
        <bufferSize sz="2" src="1" dst="1" mem="2"/>
        <tokenSize sz="1"/>
      </channelProperties>
      <channelProperties channel="ch1">
        <bufferSize sz="54" src="27" dst="27" mem="54"/>
        <tokenSize sz="1"/>
      </channelProperties>
      <channelProperties channel="ch2">
        <bufferSize sz="4" src="2" dst="2" mem="4"/>
        <tokenSize sz="1"/>
      </channelProperties>
      <channelProperties channel="ch3">
        <bufferSize sz="2" src="1" dst="1" mem="2"/>
        <tokenSize sz="1"/>
      </channelProperties>
      <channelProperties channel="ch4">
        <bufferSize sz="8" src="4" dst="4" mem="8"/>
        <tokenSize sz="1"/>
      </channelProperties>
      <channelProperties channel="ch5">
        <bufferSize sz="8" src="4" dst="4" mem="8"/>
        <tokenSize sz="1"/>
      </channelProperties>
      <channelProperties channel="ch6">
        <bufferSize sz="8" src="4" dst="4" mem="8"/>
        <tokenSize sz="1"/>
      </channelProperties>
      <channelProperties channel="ch7">
        <bufferSize sz="4" src="2" dst="2" mem="4"/>
        <tokenSize sz="1"/>
      </channelProperties>
      <channelProperties channel="ch8">
        <bufferSize sz="4" src="2" dst="2" mem="4"/>
        <tokenSize sz="1"/>
      </channelProperties>
      <channelProperties channel="ch9">
        <bufferSize sz="6" src="3" dst="3" mem="6"/>
        <tokenSize sz="1"/>
      </channelProperties>
      <channelProperties channel="ch10">
        <bufferSize sz="4" src="2" dst="2" mem="4"/>
        <tokenSize sz="1"/>
      </channelProperties>
      <channelProperties channel="ch11">
        <bufferSize sz="4" src="2" dst="2" mem="4"/>
        <tokenSize sz="1"/>
      </channelProperties>
      <channelProperties channel="ch12">
        <bufferSize sz="4" src="2" dst="2" mem="4"/>
        <tokenSize sz="1"/>
      </channelProperties>
      <channelProperties channel="ch13">
        <bufferSize sz="4" src="2" dst="2" mem="4"/>
        <tokenSize sz="1"/>
      </channelProperties>
      <channelProperties channel="ch14">
        <bufferSize sz="6" src="3" dst="3" mem="6"/>
        <tokenSize sz="1"/>
      </channelProperties>
      <channelProperties channel="ch15">
        <bufferSize sz="2" src="1" dst="1" mem="2"/>
        <tokenSize sz="1"/>
      </channelProperties>
      <channelProperties channel="ch16">
        <bufferSize sz="6" src="3" dst="3" mem="6"/>
        <tokenSize sz="1"/>
      </channelProperties>
      <channelProperties channel="ch17">
        <bufferSize sz="4" src="2" dst="2" mem="4"/>
        <tokenSize sz="1"/>
      </channelProperties>
      <channelProperties channel="ch18">
        <bufferSize sz="6" src="3" dst="3" mem="6"/>
        <tokenSize sz="1"/>
      </channelProperties>
      <channelProperties channel="ch19">
        <bufferSize sz="2" src="1" dst="1" mem="2"/>
        <tokenSize sz="1"/>
      </channelProperties>
      <graphProperties/>
    </sdfProperties>
  </applicationGraph>
</sdf3>
