<?xml version="1.0" encoding="UTF-8"?>
<sdf3 type="sdf" version="1.0">
  <applicationGraph>
    <sdf name="g" type="G">
      <actor name="a0" type="A4">
        <port name="p1" type="in" rate="2"/>
        <port name="p2" type="out" rate="2"/>
      </actor>
      <actor name="a1" type="A8">
        <port name="p0" type="in" rate="3"/>
        <port name="p2" type="out" rate="2"/>
      </actor>
      <actor name="a2" type="A10">
        <port name="p1" type="in" rate="2"/>
        <port name="p2" type="out" rate="1"/>
      </actor>
      <actor name="a3" type="A13">
        <port name="p0" type="in" rate="1"/>
        <port name="p1" type="out" rate="2"/>
      </actor>
      <actor name="a4" type="A18">
        <port name="p0" type="in" rate="2"/>
        <port name="p2" type="out" rate="3"/>
      </actor>
      <channel name="ch0" srcActor="a1" srcPort="p2" dstActor="a0" dstPort="p1"/>
      <channel name="ch1" srcActor="a2" srcPort="p2" dstActor="a1" dstPort="p0"/>
      <channel name="ch2" srcActor="a0" srcPort="p2" dstActor="a3" dstPort="p0" initialTokens="1"/>
      <channel name="ch3" srcActor="a3" srcPort="p1" dstActor="a4" dstPort="p0" initialTokens="2"/>
      <channel name="ch4" srcActor="a4" srcPort="p2" dstActor="a2" dstPort="p1"/>
    </sdf>
    <sdfProperties>
      <actorProperties actor="a0">
        <processor type="p1" default="true">
          <executionTime proc="proc0" time="2" default="true"/>
        </processor>
        <memory>
          <stateSize max="1"/>
        </memory>
        <timeConstraints>
          <throughput>1/320</throughput>
        </timeConstraints>
      </actorProperties>
      <actorProperties actor="a1">
        <processor type="p1" default="true">
          <executionTime proc="proc0" time="2" default="true"/>
        </processor>
        <memory>
          <stateSize max="1"/>
        </memory>
      </actorProperties>
      <actorProperties actor="a2">
        <processor type="p1" default="true">
          <executionTime proc="proc0" time="2" default="true"/>
        </processor>
        <memory>
          <stateSize max="1"/>
        </memory>
      </actorProperties>
      <actorProperties actor="a3">
        <processor type="p1" default="true">
          <executionTime proc="proc0" time="2" default="true"/>
        </processor>
        <memory>
          <stateSize max="1"/>
        </memory>
      </actorProperties>
      <actorProperties actor="a4">
        <processor type="p1" default="true">
          <executionTime proc="proc0" time="2" default="true"/>
        </processor>
        <memory>
          <stateSize max="1"/>
        </memory>
      </actorProperties>
      <channelProperties channel="ch0">
        <bufferSize sz="4" src="2" dst="2" mem="4"/>
        <tokenSize sz="1"/>
      </channelProperties>
      <channelProperties channel="ch1">
        <bufferSize sz="6" src="3" dst="3" mem="6"/>
        <tokenSize sz="1"/>
      </channelProperties>
      <channelProperties channel="ch2">
        <bufferSize sz="4" src="2" dst="2" mem="4"/>
        <tokenSize sz="1"/>
      </channelProperties>
      <channelProperties channel="ch3">
        <bufferSize sz="4" src="2" dst="2" mem="4"/>
        <tokenSize sz="1"/>
      </channelProperties>
      <channelProperties channel="ch4">
        <bufferSize sz="8" src="4" dst="4" mem="8"/>
        <tokenSize sz="1"/>
      </channelProperties>
      <graphProperties/>
    </sdfProperties>
  </applicationGraph>
</sdf3>
