<?xml version="1.0" encoding="UTF-8"?>
<sdf3 type="sdf" version="1.0">
  <applicationGraph>
    <sdf name="g" type="G">
      <actor name="a0" type="A0">
        <port name="p0" type="in" rate="1"/>
        <port name="p1" type="out" rate="4"/>
      </actor>
      <actor name="a1" type="A1">
        <port name="p0" type="in" rate="1"/>
        <port name="p1" type="out" rate="1"/>
      </actor>
      <actor name="a2" type="A2">
        <port name="p0" type="in" rate="1"/>
        <port name="p1" type="out" rate="3"/>
      </actor>
      <actor name="a3" type="A3">
        <port name="p0" type="in" rate="1"/>
        <port name="p2" type="out" rate="2"/>
        <port name="p3" type="out" rate="2"/>
      </actor>
      <actor name="a4" type="A4">
        <port name="p0" type="in" rate="3"/>
        <port name="p1" type="in" rate="24"/>
        <port name="p2" type="out" rate="24"/>
        <port name="p3" type="out" rate="2"/>
      </actor>
      <actor name="a5" type="A5">
        <port name="p0" type="in" rate="2"/>
        <port name="p1" type="out" rate="1"/>
        <port name="p2" type="out" rate="2"/>
      </actor>
      <actor name="a6" type="A6">
        <port name="p0" type="in" rate="2"/>
        <port name="p1" type="out" rate="1"/>
      </actor>
      <actor name="a7" type="A7">
        <port name="p0" type="in" rate="1"/>
        <port name="p1" type="out" rate="1"/>
      </actor>
      <actor name="a8" type="A8">
        <port name="p0" type="in" rate="1"/>
        <port name="p1" type="in" rate="3"/>
        <port name="p2" type="out" rate="2"/>
      </actor>
      <actor name="a9" type="A9">
        <port name="p0" type="in" rate="1"/>
        <port name="p1" type="out" rate="1"/>
      </actor>
      <actor name="a10" type="A10">
        <port name="p0" type="in" rate="2"/>
        <port name="p1" type="in" rate="2"/>
        <port name="p2" type="out" rate="2"/>
      </actor>
      <actor name="a11" type="A11">
        <port name="p0" type="in" rate="2"/>
        <port name="p1" type="out" rate="1"/>
      </actor>
      <actor name="a12" type="A12">
        <port name="p0" type="in" rate="2"/>
        <port name="p1" type="in" rate="1"/>
        <port name="p2" type="out" rate="1"/>
      </actor>
      <actor name="a13" type="A14">
        <port name="p1" type="in" rate="2"/>
        <port name="p2" type="out" rate="3"/>
        <port name="p3" type="out" rate="1"/>
      </actor>
      <actor name="a14" type="A15">
        <port name="p0" type="in" rate="1"/>
        <port name="p1" type="out" rate="2"/>
      </actor>
      <actor name="a15" type="A16">
        <port name="p0" type="in" rate="2"/>
        <port name="p1" type="in" rate="8"/>
        <port name="p2" type="out" rate="1"/>
      </actor>
      <actor name="a16" type="A18">
        <port name="p0" type="in" rate="1"/>
        <port name="p1" type="out" rate="2"/>
      </actor>
      <actor name="a17" type="A19">
        <port name="p0" type="in" rate="1"/>
        <port name="p1" type="out" rate="1"/>
        <port name="p2" type="out" rate="4"/>
      </actor>
      <actor name="a18" type="A20">
        <port name="p0" type="in" rate="2"/>
        <port name="p1" type="out" rate="2"/>
        <port name="p2" type="out" rate="1"/>
      </actor>
      <actor name="a19" type="A21">
        <port name="p0" type="in" rate="2"/>
        <port name="p1" type="out" rate="2"/>
      </actor>
      <actor name="a20" type="A22">
        <port name="p0" type="in" rate="3"/>
        <port name="p1" type="in" rate="6"/>
        <port name="p2" type="out" rate="3"/>
      </actor>
      <actor name="a21" type="A23">
        <port name="p0" type="in" rate="2"/>
        <port name="p1" type="in" rate="2"/>
        <port name="p2" type="out" rate="1"/>
      </actor>
      <actor name="a22" type="A24">
        <port name="p0" type="in" rate="1"/>
        <port name="p1" type="out" rate="2"/>
        <port name="p2" type="out" rate="2"/>
      </actor>
      <channel name="ch0" srcActor="a0" srcPort="p1" dstActor="a1" dstPort="p0"/>
      <channel name="ch1" srcActor="a2" srcPort="p1" dstActor="a0" dstPort="p0"/>
      <channel name="ch2" srcActor="a1" srcPort="p1" dstActor="a3" dstPort="p0"/>
      <channel name="ch3" srcActor="a4" srcPort="p3" dstActor="a2" dstPort="p0"/>
      <channel name="ch4" srcActor="a3" srcPort="p2" dstActor="a5" dstPort="p0"/>
      <channel name="ch5" srcActor="a3" srcPort="p3" dstActor="a6" dstPort="p0"/>
      <channel name="ch6" srcActor="a5" srcPort="p2" dstActor="a7" dstPort="p0" initialTokens="13"/>
      <channel name="ch7" srcActor="a4" srcPort="p2" dstActor="a8" dstPort="p0"/>
      <channel name="ch8" srcActor="a9" srcPort="p1" dstActor="a8" dstPort="p1" initialTokens="23"/>
      <channel name="ch9" srcActor="a7" srcPort="p1" dstActor="a10" dstPort="p1" initialTokens="47"/>
      <channel name="ch10" srcActor="a11" srcPort="p1" dstActor="a4" dstPort="p0" initialTokens="1"/>
      <channel name="ch11" srcActor="a12" srcPort="p2" dstActor="a10" dstPort="p0" initialTokens="1"/>
      <channel name="ch12" srcActor="a13" srcPort="p2" dstActor="a9" dstPort="p0" initialTokens="43"/>
      <channel name="ch13" srcActor="a14" srcPort="p1" dstActor="a13" dstPort="p1" initialTokens="4"/>
      <channel name="ch14" srcActor="a15" srcPort="p2" dstActor="a11" dstPort="p0" initialTokens="1"/>
      <channel name="ch15" srcActor="a10" srcPort="p2" dstActor="a16" dstPort="p0" initialTokens="2"/>
      <channel name="ch16" srcActor="a17" srcPort="p2" dstActor="a12" dstPort="p1" initialTokens="59"/>
      <channel name="ch17" srcActor="a6" srcPort="p1" dstActor="a18" dstPort="p0"/>
      <channel name="ch18" srcActor="a17" srcPort="p1" dstActor="a19" dstPort="p0"/>
      <channel name="ch19" srcActor="a19" srcPort="p1" dstActor="a20" dstPort="p0"/>
      <channel name="ch20" srcActor="a21" srcPort="p2" dstActor="a15" dstPort="p1" initialTokens="3"/>
      <channel name="ch21" srcActor="a22" srcPort="p2" dstActor="a12" dstPort="p0" initialTokens="10"/>
      <channel name="ch22" srcActor="a18" srcPort="p2" dstActor="a17" dstPort="p0"/>
      <channel name="ch23" srcActor="a16" srcPort="p1" dstActor="a21" dstPort="p1" initialTokens="14"/>
      <channel name="ch24" srcActor="a13" srcPort="p3" dstActor="a4" dstPort="p1" initialTokens="22"/>
      <channel name="ch25" srcActor="a8" srcPort="p2" dstActor="a22" dstPort="p0" initialTokens="6"/>
      <channel name="ch26" srcActor="a20" srcPort="p2" dstActor="a15" dstPort="p0" initialTokens="18"/>
      <channel name="ch27" srcActor="a5" srcPort="p1" dstActor="a20" dstPort="p1"/>
      <channel name="ch28" srcActor="a18" srcPort="p1" dstActor="a14" dstPort="p0"/>
      <channel name="ch29" srcActor="a22" srcPort="p1" dstActor="a21" dstPort="p0" initialTokens="30"/>
    </sdf>
    <sdfProperties>
      <actorProperties actor="a0">
        <processor type="p1" default="true">
          <executionTime proc="proc0" time="2" default="true"/>
        </processor>
        <memory>
          <stateSize max="1"/>
        </memory>
        <timeConstraints>
          <throughput>1/640</throughput>
        </timeConstraints>
      </actorProperties>
      <actorProperties actor="a1">
        <processor type="p1" default="true">
          <executionTime proc="proc0" time="2" default="true"/>
        </processor>
        <memory>
          <stateSize max="1"/>
        </memory>
      </actorProperties>
      <actorProperties actor="a2">
        <processor type="p1" default="true">
          <executionTime proc="proc0" time="2" default="true"/>
        </processor>
        <memory>
          <stateSize max="1"/>
        </memory>
      </actorProperties>
      <actorProperties actor="a3">
        <processor type="p1" default="true">
          <executionTime proc="proc0" time="2" default="true"/>
        </processor>
        <memory>
          <stateSize max="1"/>
        </memory>
      </actorProperties>
      <actorProperties actor="a4">
        <processor type="p1" default="true">
          <executionTime proc="proc0" time="2" default="true"/>
        </processor>
        <memory>
          <stateSize max="1"/>
        </memory>
      </actorProperties>
      <actorProperties actor="a5">
        <processor type="p1" default="true">
          <executionTime proc="proc0" time="2" default="true"/>
        </processor>
        <memory>
          <stateSize max="1"/>
        </memory>
      </actorProperties>
      <actorProperties actor="a6">
        <processor type="p1" default="true">
          <executionTime proc="proc0" time="2" default="true"/>
        </processor>
        <memory>
          <stateSize max="1"/>
        </memory>
      </actorProperties>
      <actorProperties actor="a7">
        <processor type="p1" default="true">
          <executionTime proc="proc0" time="2" default="true"/>
        </processor>
        <memory>
          <stateSize max="1"/>
        </memory>
      </actorProperties>
      <actorProperties actor="a8">
        <processor type="p1" default="true">
          <executionTime proc="proc0" time="2" default="true"/>
        </processor>
        <memory>
          <stateSize max="1"/>
        </memory>
      </actorProperties>
      <actorProperties actor="a9">
        <processor type="p1" default="true">
          <executionTime proc="proc0" time="2" default="true"/>
        </processor>
        <memory>
          <stateSize max="1"/>
        </memory>
      </actorProperties>
      <actorProperties actor="a10">
        <processor type="p1" default="true">
          <executionTime proc="proc0" time="2" default="true"/>
        </processor>
        <memory>
          <stateSize max="1"/>
        </memory>
      </actorProperties>
      <actorProperties actor="a11">
        <processor type="p1" default="true">
          <executionTime proc="proc0" time="2" default="true"/>
        </processor>
        <memory>
          <stateSize max="1"/>
        </memory>
      </actorProperties>
      <actorProperties actor="a12">
        <processor type="p1" default="true">
          <executionTime proc="proc0" time="2" default="true"/>
        </processor>
        <memory>
          <stateSize max="1"/>
        </memory>
      </actorProperties>
      <actorProperties actor="a13">
        <processor type="p1" default="true">
          <executionTime proc="proc0" time="2" default="true"/>
        </processor>
        <memory>
          <stateSize max="1"/>
        </memory>
      </actorProperties>
      <actorProperties actor="a14">
        <processor type="p1" default="true">
          <executionTime proc="proc0" time="2" default="true"/>
        </processor>
        <memory>
          <stateSize max="1"/>
        </memory>
      </actorProperties>
      <actorProperties actor="a15">
        <processor type="p1" default="true">
          <executionTime proc="proc0" time="2" default="true"/>
        </processor>
        <memory>
          <stateSize max="1"/>
        </memory>
      </actorProperties>
      <actorProperties actor="a16">
        <processor type="p1" default="true">
          <executionTime proc="proc0" time="2" default="true"/>
        </processor>
        <memory>
          <stateSize max="1"/>
        </memory>
      </actorProperties>
      <actorProperties actor="a17">
        <processor type="p1" default="true">
          <executionTime proc="proc0" time="2" default="true"/>
        </processor>
        <memory>
          <stateSize max="1"/>
        </memory>
      </actorProperties>
      <actorProperties actor="a18">
        <processor type="p1" default="true">
          <executionTime proc="proc0" time="2" default="true"/>
        </processor>
        <memory>
          <stateSize max="1"/>
        </memory>
      </actorProperties>
      <actorProperties actor="a19">
        <processor type="p1" default="true">
          <executionTime proc="proc0" time="2" default="true"/>
        </processor>
        <memory>
          <stateSize max="1"/>
        </memory>
      </actorProperties>
      <actorProperties actor="a20">
        <processor type="p1" default="true">
          <executionTime proc="proc0" time="2" default="true"/>
        </processor>
        <memory>
          <stateSize max="1"/>
        </memory>
      </actorProperties>
      <actorProperties actor="a21">
        <processor type="p1" default="true">
          <executionTime proc="proc0" time="2" default="true"/>
        </processor>
        <memory>
          <stateSize max="1"/>
        </memory>
      </actorProperties>
      <actorProperties actor="a22">
        <processor type="p1" default="true">
          <executionTime proc="proc0" time="2" default="true"/>
        </processor>
        <memory>
          <stateSize max="1"/>
        </memory>
      </actorProperties>
      <channelProperties channel="ch0">
        <bufferSize sz="8" src="4" dst="4" mem="8"/>
        <tokenSize sz="1"/>
      </channelProperties>
      <channelProperties channel="ch1">
        <bufferSize sz="6" src="3" dst="3" mem="6"/>
        <tokenSize sz="1"/>
      </channelProperties>
      <channelProperties channel="ch2">
        <bufferSize sz="2" src="1" dst="1" mem="2"/>
        <tokenSize sz="1"/>
      </channelProperties>
      <channelProperties channel="ch3">
        <bufferSize sz="4" src="2" dst="2" mem="4"/>
        <tokenSize sz="1"/>
      </channelProperties>
      <channelProperties channel="ch4">
        <bufferSize sz="4" src="2" dst="2" mem="4"/>
        <tokenSize sz="1"/>
      </channelProperties>
      <channelProperties channel="ch5">
        <bufferSize sz="4" src="2" dst="2" mem="4"/>
        <tokenSize sz="1"/>
      </channelProperties>
      <channelProperties channel="ch6">
        <bufferSize sz="4" src="2" dst="2" mem="4"/>
        <tokenSize sz="1"/>
      </channelProperties>
      <channelProperties channel="ch7">
        <bufferSize sz="48" src="24" dst="24" mem="48"/>
        <tokenSize sz="1"/>
      </channelProperties>
      <channelProperties channel="ch8">
        <bufferSize sz="6" src="3" dst="3" mem="6"/>
        <tokenSize sz="1"/>
      </channelProperties>
      <channelProperties channel="ch9">
        <bufferSize sz="4" src="2" dst="2" mem="4"/>
        <tokenSize sz="1"/>
      </channelProperties>
      <channelProperties channel="ch10">
        <bufferSize sz="6" src="3" dst="3" mem="6"/>
        <tokenSize sz="1"/>
      </channelProperties>
      <channelProperties channel="ch11">
        <bufferSize sz="4" src="2" dst="2" mem="4"/>
        <tokenSize sz="1"/>
      </channelProperties>
      <channelProperties channel="ch12">
        <bufferSize sz="6" src="3" dst="3" mem="6"/>
        <tokenSize sz="1"/>
      </channelProperties>
      <channelProperties channel="ch13">
        <bufferSize sz="4" src="2" dst="2" mem="4"/>
        <tokenSize sz="1"/>
      </channelProperties>
      <channelProperties channel="ch14">
        <bufferSize sz="4" src="2" dst="2" mem="4"/>
        <tokenSize sz="1"/>
      </channelProperties>
      <channelProperties channel="ch15">
        <bufferSize sz="4" src="2" dst="2" mem="4"/>
        <tokenSize sz="1"/>
      </channelProperties>
      <channelProperties channel="ch16">
        <bufferSize sz="8" src="4" dst="4" mem="8"/>
        <tokenSize sz="1"/>
      </channelProperties>
      <channelProperties channel="ch17">
        <bufferSize sz="4" src="2" dst="2" mem="4"/>
        <tokenSize sz="1"/>
      </channelProperties>
      <channelProperties channel="ch18">
        <bufferSize sz="4" src="2" dst="2" mem="4"/>
        <tokenSize sz="1"/>
      </channelProperties>
      <channelProperties channel="ch19">
        <bufferSize sz="8" src="4" dst="4" mem="8"/>
        <tokenSize sz="1"/>
      </channelProperties>
      <channelProperties channel="ch20">
        <bufferSize sz="16" src="8" dst="8" mem="16"/>
        <tokenSize sz="1"/>
      </channelProperties>
      <channelProperties channel="ch21">
        <bufferSize sz="4" src="2" dst="2" mem="4"/>
        <tokenSize sz="1"/>
      </channelProperties>
      <channelProperties channel="ch22">
        <bufferSize sz="2" src="1" dst="1" mem="2"/>
        <tokenSize sz="1"/>
      </channelProperties>
      <channelProperties channel="ch23">
        <bufferSize sz="4" src="2" dst="2" mem="4"/>
        <tokenSize sz="1"/>
      </channelProperties>
      <channelProperties channel="ch24">
        <bufferSize sz="48" src="24" dst="24" mem="48"/>
        <tokenSize sz="1"/>
      </channelProperties>
      <channelProperties channel="ch25">
        <bufferSize sz="4" src="2" dst="2" mem="4"/>
        <tokenSize sz="1"/>
      </channelProperties>
      <channelProperties channel="ch26">
        <bufferSize sz="8" src="4" dst="4" mem="8"/>
        <tokenSize sz="1"/>
      </channelProperties>
      <channelProperties channel="ch27">
        <bufferSize sz="12" src="6" dst="6" mem="12"/>
        <tokenSize sz="1"/>
      </channelProperties>
      <channelProperties channel="ch28">
        <bufferSize sz="4" src="2" dst="2" mem="4"/>
        <tokenSize sz="1"/>
      </channelProperties>
      <channelProperties channel="ch29">
        <bufferSize sz="4" src="2" dst="2" mem="4"/>
        <tokenSize sz="1"/>
      </channelProperties>
      <graphProperties/>
    </sdfProperties>
  </applicationGraph>
</sdf3>
