<?xml version="1.0"?>
<sdf3 xmlns:xsi="http://www.w3.org/2001/XMLSchema-instance" version="1.0" type="sdf" xsi:noNamespaceSchemaLocation="http://www.es.ele.tue.nl/sdf3/xsd/sdf3-sdf.xsd">
  <applicationGraph>
    <sdf name="example" type="Example">
      <actor name="a" type="A">
        <port name="p0" type="out" rate="2376"/>
        <port name="_p2" type="in" rate="2376"/>
        <port name="_p3" type="out" rate="1"/>
        <port name="_p4" type="in" rate="1"/>
      </actor>
      <actor name="b" type="B">
        <port name="p0" type="in" rate="1"/>
        <port name="p1" type="out" rate="1"/>
        <port name="_p3" type="out" rate="1"/>
        <port name="_p4" type="in" rate="1"/>
        <port name="_p5" type="out" rate="1"/>
        <port name="_p6" type="in" rate="1"/>
      </actor>
      <actor name="c" type="C">
        <port name="p0" type="in" rate="1"/>
        <port name="p1" type="out" rate="1"/>
        <port name="_p3" type="out" rate="1"/>
        <port name="_p4" type="in" rate="1"/>
        <port name="_p5" type="out" rate="1"/>
        <port name="_p6" type="in" rate="1"/>
      </actor>
      <actor name="d" type="D">
        <port name="p0" type="in" rate="2376"/>
        <port name="_p2" type="out" rate="2376"/>
        <port name="_p3" type="out" rate="1"/>
        <port name="_p4" type="in" rate="1"/>
      </actor>
      <channel name="ch0" srcActor="a" srcPort="p0" dstActor="b" dstPort="p0"/>
      <channel name="ch1" srcActor="b" srcPort="p1" dstActor="c" dstPort="p0"/>
      <channel name="ch2" srcActor="c" srcPort="p1" dstActor="d" dstPort="p0"/>
      <channel name="_ch0b" srcActor="b" srcPort="_p3" dstActor="a" dstPort="_p2" initialTokens="2376"/>
      <channel name="_ch1b" srcActor="c" srcPort="_p3" dstActor="b" dstPort="_p4" initialTokens="1"/>
      <channel name="_ch2b" srcActor="d" srcPort="_p2" dstActor="c" dstPort="_p4" initialTokens="2376"/>
      <channel name="_ch7" srcActor="a" srcPort="_p3" dstActor="a" dstPort="_p4" initialTokens="1"/>
      <channel name="_ch8" srcActor="b" srcPort="_p5" dstActor="b" dstPort="_p6" initialTokens="1"/>
      <channel name="_ch9" srcActor="c" srcPort="_p5" dstActor="c" dstPort="_p6" initialTokens="1"/>
      <channel name="_ch10" srcActor="d" srcPort="_p3" dstActor="d" dstPort="_p4" initialTokens="1"/>
    </sdf>
    <sdfProperties>
      <actorProperties actor="a">
        <processor type="p1" default="true">
          <executionTime time="10000"/>
        </processor>
      </actorProperties>
      <actorProperties actor="b">
        <processor type="p1" default="true">
          <executionTime time="1"/>
        </processor>
      </actorProperties>
      <actorProperties actor="c">
        <processor type="p1" default="true">
          <executionTime time="4"/>
        </processor>
      </actorProperties>
      <actorProperties actor="d">
        <processor type="p1" default="true">
          <executionTime time="4000"/>
        </processor>
      </actorProperties>
      <channelProperties channel="ch0"/>
      <channelProperties channel="ch1"/>
      <channelProperties channel="ch2"/>
      <channelProperties channel="_ch0b"/>
      <channelProperties channel="_ch1b"/>
      <channelProperties channel="_ch2b"/>
      <channelProperties channel="_ch7"/>
      <channelProperties channel="_ch8"/>
      <channelProperties channel="_ch9"/>
      <channelProperties channel="_ch10"/>
      <graphProperties/>
    </sdfProperties>
  </applicationGraph>
</sdf3>
