<?xml version="1.0"?>
<sdf3 xmlns:xsi="http://www.w3.org/2001/XMLSchema-instance" version="1.0" type="sdf" xsi:noNamespaceSchemaLocation="http://www.es.ele.tue.nl/sdf3/xsd/sdf3-sdf.xsd">
  <applicationGraph>
    <sdf name="example" type="Example">
      <actor name="fork1" type="FORK1">
        <port name="p_in" type="in" rate="1"/>
        <port name="p_out1" type="out" rate="1"/>
        <port name="p_out2" type="out" rate="1"/>
        <port name="_p4" type="in" rate="1"/>
        <port name="_p5" type="in" rate="1"/>
        <port name="_p6" type="out" rate="1"/>
        <port name="_p7" type="out" rate="1"/>
        <port name="_p8" type="in" rate="1"/>
      </actor>
      <actor name="biq" type="BIQ">
        <port name="p_in" type="in" rate="1"/>
        <port name="p_out" type="out" rate="1"/>
        <port name="_p3" type="out" rate="1"/>
        <port name="_p4" type="in" rate="1"/>
        <port name="_p5" type="out" rate="1"/>
        <port name="_p6" type="in" rate="1"/>
      </actor>
      <actor name="bi" type="BI">
        <port name="p_in" type="in" rate="1"/>
        <port name="p_out" type="out" rate="1"/>
        <port name="_p3" type="out" rate="1"/>
        <port name="_p4" type="in" rate="1"/>
        <port name="_p5" type="out" rate="1"/>
        <port name="_p6" type="in" rate="1"/>
      </actor>
      <actor name="add" type="ADD">
        <port name="p_in1" type="in" rate="1"/>
        <port name="p_in2" type="in" rate="1"/>
        <port name="p_out" type="out" rate="1"/>
        <port name="_p4" type="out" rate="1"/>
        <port name="_p5" type="out" rate="1"/>
        <port name="_p6" type="in" rate="1"/>
        <port name="_p7" type="out" rate="1"/>
        <port name="_p8" type="in" rate="1"/>
      </actor>
      <actor name="ac" type="AC">
        <port name="p_in" type="in" rate="1"/>
        <port name="p_out" type="out" rate="2"/>
        <port name="_p3" type="out" rate="1"/>
        <port name="_p4" type="in" rate="2"/>
        <port name="_p5" type="out" rate="1"/>
        <port name="_p6" type="in" rate="1"/>
      </actor>
      <actor name="fork2" type="FORK2">
        <port name="p_in" type="in" rate="1"/>
        <port name="p_out1" type="out" rate="1"/>
        <port name="p_out2" type="out" rate="1"/>
        <port name="_p4" type="out" rate="1"/>
        <port name="_p5" type="in" rate="1"/>
        <port name="_p6" type="in" rate="1"/>
        <port name="_p7" type="out" rate="1"/>
        <port name="_p8" type="in" rate="1"/>
      </actor>
      <actor name="conj" type="CONJ">
        <port name="p_in" type="in" rate="2"/>
        <port name="p_out" type="out" rate="2"/>
        <port name="_p3" type="out" rate="2"/>
        <port name="_p4" type="in" rate="2"/>
        <port name="_p5" type="out" rate="1"/>
        <port name="_p6" type="in" rate="1"/>
      </actor>
      <actor name="mul1" type="MUL1">
        <port name="p_in1" type="in" rate="2"/>
        <port name="p_in2" type="in" rate="2"/>
        <port name="p_out" type="out" rate="2"/>
        <port name="_p4" type="out" rate="2"/>
        <port name="_p5" type="in" rate="2"/>
        <port name="_p6" type="out" rate="2"/>
        <port name="_p7" type="out" rate="1"/>
        <port name="_p8" type="in" rate="1"/>
      </actor>
      <actor name="in" type="IN">
        <port name="p_out" type="out" rate="1"/>
        <port name="_p2" type="in" rate="1"/>
        <port name="_p3" type="out" rate="1"/>
        <port name="_p4" type="in" rate="1"/>
      </actor>
      <actor name="filt" type="FILT">
        <port name="p_in" type="in" rate="1"/>
        <port name="p_out" type="out" rate="1"/>
        <port name="_p3" type="out" rate="1"/>
        <port name="_p4" type="in" rate="1"/>
        <port name="_p5" type="out" rate="1"/>
        <port name="_p6" type="in" rate="1"/>
      </actor>
      <actor name="hil" type="HIL">
        <port name="p_in" type="in" rate="8"/>
        <port name="p_out" type="out" rate="2"/>
        <port name="_p3" type="out" rate="8"/>
        <port name="_p4" type="in" rate="2"/>
        <port name="_p5" type="out" rate="1"/>
        <port name="_p6" type="in" rate="1"/>
      </actor>
      <actor name="eq" type="EQ">
        <port name="p_in1" type="in" rate="4"/>
        <port name="p_in2" type="in" rate="2"/>
        <port name="p_out" type="out" rate="2"/>
        <port name="_p4" type="out" rate="2"/>
        <port name="_p5" type="out" rate="4"/>
        <port name="_p6" type="in" rate="2"/>
        <port name="_p7" type="out" rate="1"/>
        <port name="_p8" type="in" rate="1"/>
      </actor>
      <actor name="mul2" type="MUL2">
        <port name="p_in1" type="in" rate="2"/>
        <port name="p_in2" type="in" rate="2"/>
        <port name="p_out" type="out" rate="2"/>
        <port name="_p4" type="out" rate="2"/>
        <port name="_p5" type="in" rate="2"/>
        <port name="_p6" type="out" rate="2"/>
        <port name="_p7" type="out" rate="1"/>
        <port name="_p8" type="in" rate="1"/>
      </actor>
      <actor name="deci" type="DECI">
        <port name="p_in" type="in" rate="2"/>
        <port name="p_out1" type="out" rate="2"/>
        <port name="p_out2" type="out" rate="2"/>
        <port name="p_out3" type="out" rate="1"/>
        <port name="_p5" type="out" rate="2"/>
        <port name="_p6" type="in" rate="2"/>
        <port name="_p7" type="in" rate="2"/>
        <port name="_p8" type="in" rate="1"/>
        <port name="_p9" type="out" rate="1"/>
        <port name="_p10" type="in" rate="1"/>
      </actor>
      <actor name="deco" type="DECO">
        <port name="p_in" type="in" rate="2"/>
        <port name="p_out" type="out" rate="1"/>
        <port name="_p3" type="out" rate="2"/>
        <port name="_p4" type="in" rate="1"/>
        <port name="_p5" type="out" rate="1"/>
        <port name="_p6" type="in" rate="1"/>
      </actor>
      <actor name="out" type="OUT">
        <port name="p_in" type="in" rate="1"/>
        <port name="_p2" type="out" rate="1"/>
        <port name="_p3" type="out" rate="1"/>
        <port name="_p4" type="in" rate="1"/>
      </actor>
      <channel name="a" srcActor="fork1" srcPort="p_out1" dstActor="biq" dstPort="p_in"/>
      <channel name="b" srcActor="fork1" srcPort="p_out2" dstActor="bi" dstPort="p_in"/>
      <channel name="c" srcActor="biq" srcPort="p_out" dstActor="add" dstPort="p_in1"/>
      <channel name="d" srcActor="bi" srcPort="p_out" dstActor="add" dstPort="p_in2"/>
      <channel name="e" srcActor="add" srcPort="p_out" dstActor="ac" dstPort="p_in"/>
      <channel name="f" srcActor="ac" srcPort="p_out" dstActor="fork2" dstPort="p_in"/>
      <channel name="g" srcActor="fork2" srcPort="p_out1" dstActor="conj" dstPort="p_in"/>
      <channel name="h" srcActor="fork2" srcPort="p_out2" dstActor="mul1" dstPort="p_in1"/>
      <channel name="i" srcActor="conj" srcPort="p_out" dstActor="mul2" dstPort="p_in1"/>
      <channel name="j" srcActor="mul1" srcPort="p_out" dstActor="deci" dstPort="p_in"/>
      <channel name="k" srcActor="mul2" srcPort="p_out" dstActor="eq" dstPort="p_in2" initialTokens="2"/>
      <channel name="l" srcActor="in" srcPort="p_out" dstActor="filt" dstPort="p_in"/>
      <channel name="m" srcActor="filt" srcPort="p_out" dstActor="hil" dstPort="p_in"/>
      <channel name="n" srcActor="hil" srcPort="p_out" dstActor="eq" dstPort="p_in1"/>
      <channel name="o" srcActor="eq" srcPort="p_out" dstActor="mul1" dstPort="p_in2"/>
      <channel name="p" srcActor="deci" srcPort="p_out1" dstActor="mul2" dstPort="p_in2"/>
      <channel name="q" srcActor="deci" srcPort="p_out2" dstActor="deco" dstPort="p_in"/>
      <channel name="r" srcActor="deco" srcPort="p_out" dstActor="out" dstPort="p_in"/>
      <channel name="s" srcActor="deci" srcPort="p_out3" dstActor="fork1" dstPort="p_in" initialTokens="1"/>
      <channel name="_ab" srcActor="biq" srcPort="_p3" dstActor="fork1" dstPort="_p4" initialTokens="1"/>
      <channel name="_bb" srcActor="bi" srcPort="_p3" dstActor="fork1" dstPort="_p5" initialTokens="1"/>
      <channel name="_cb" srcActor="add" srcPort="_p4" dstActor="biq" dstPort="_p4" initialTokens="1"/>
      <channel name="_db" srcActor="add" srcPort="_p5" dstActor="bi" dstPort="_p4" initialTokens="1"/>
      <channel name="_eb" srcActor="ac" srcPort="_p3" dstActor="add" dstPort="_p6" initialTokens="1"/>
      <channel name="_fb" srcActor="fork2" srcPort="_p4" dstActor="ac" dstPort="_p4" initialTokens="2"/>
      <channel name="_gb" srcActor="conj" srcPort="_p3" dstActor="fork2" dstPort="_p5" initialTokens="2"/>
      <channel name="_hb" srcActor="mul1" srcPort="_p4" dstActor="fork2" dstPort="_p6" initialTokens="2"/>
      <channel name="_ib" srcActor="mul2" srcPort="_p4" dstActor="conj" dstPort="_p4" initialTokens="2"/>
      <channel name="_jb" srcActor="deci" srcPort="_p5" dstActor="mul1" dstPort="_p5" initialTokens="2"/>
      <channel name="_kb" srcActor="eq" srcPort="_p4" dstActor="mul2" dstPort="_p5"/>
      <channel name="_lb" srcActor="filt" srcPort="_p3" dstActor="in" dstPort="_p2" initialTokens="1"/>
      <channel name="_mb" srcActor="hil" srcPort="_p3" dstActor="filt" dstPort="_p4" initialTokens="8"/>
      <channel name="_nb" srcActor="eq" srcPort="_p5" dstActor="hil" dstPort="_p4" initialTokens="4"/>
      <channel name="_ob" srcActor="mul1" srcPort="_p6" dstActor="eq" dstPort="_p6" initialTokens="2"/>
      <channel name="_pb" srcActor="mul2" srcPort="_p6" dstActor="deci" dstPort="_p6" initialTokens="2"/>
      <channel name="_qb" srcActor="deco" srcPort="_p3" dstActor="deci" dstPort="_p7" initialTokens="2"/>
      <channel name="_rb" srcActor="out" srcPort="_p2" dstActor="deco" dstPort="_p4" initialTokens="1"/>
      <channel name="_sb" srcActor="fork1" srcPort="_p6" dstActor="deci" dstPort="_p8"/>
      <channel name="_ch39" srcActor="fork1" srcPort="_p7" dstActor="fork1" dstPort="_p8" initialTokens="1"/>
      <channel name="_ch40" srcActor="biq" srcPort="_p5" dstActor="biq" dstPort="_p6" initialTokens="1"/>
      <channel name="_ch41" srcActor="bi" srcPort="_p5" dstActor="bi" dstPort="_p6" initialTokens="1"/>
      <channel name="_ch42" srcActor="add" srcPort="_p7" dstActor="add" dstPort="_p8" initialTokens="1"/>
      <channel name="_ch43" srcActor="ac" srcPort="_p5" dstActor="ac" dstPort="_p6" initialTokens="1"/>
      <channel name="_ch44" srcActor="fork2" srcPort="_p7" dstActor="fork2" dstPort="_p8" initialTokens="1"/>
      <channel name="_ch45" srcActor="conj" srcPort="_p5" dstActor="conj" dstPort="_p6" initialTokens="1"/>
      <channel name="_ch46" srcActor="mul1" srcPort="_p7" dstActor="mul1" dstPort="_p8" initialTokens="1"/>
      <channel name="_ch47" srcActor="in" srcPort="_p3" dstActor="in" dstPort="_p4" initialTokens="1"/>
      <channel name="_ch48" srcActor="filt" srcPort="_p5" dstActor="filt" dstPort="_p6" initialTokens="1"/>
      <channel name="_ch49" srcActor="hil" srcPort="_p5" dstActor="hil" dstPort="_p6" initialTokens="1"/>
      <channel name="_ch50" srcActor="eq" srcPort="_p7" dstActor="eq" dstPort="_p8" initialTokens="1"/>
      <channel name="_ch51" srcActor="mul2" srcPort="_p7" dstActor="mul2" dstPort="_p8" initialTokens="1"/>
      <channel name="_ch52" srcActor="deci" srcPort="_p9" dstActor="deci" dstPort="_p10" initialTokens="1"/>
      <channel name="_ch53" srcActor="deco" srcPort="_p5" dstActor="deco" dstPort="_p6" initialTokens="1"/>
      <channel name="_ch54" srcActor="out" srcPort="_p3" dstActor="out" dstPort="_p4" initialTokens="1"/>
    </sdf>
    <sdfProperties>
      <actorProperties actor="fork1">
        <processor type="p1" default="true">
          <executionTime time="1"/>
        </processor>
      </actorProperties>
      <actorProperties actor="biq">
        <processor type="p1" default="true">
          <executionTime time="1"/>
        </processor>
      </actorProperties>
      <actorProperties actor="bi">
        <processor type="p1" default="true">
          <executionTime time="1"/>
        </processor>
      </actorProperties>
      <actorProperties actor="add">
        <processor type="p1" default="true">
          <executionTime time="1"/>
        </processor>
      </actorProperties>
      <actorProperties actor="ac">
        <processor type="p1" default="true">
          <executionTime time="1"/>
        </processor>
      </actorProperties>
      <actorProperties actor="fork2">
        <processor type="p1" default="true">
          <executionTime time="1"/>
        </processor>
      </actorProperties>
      <actorProperties actor="conj">
        <processor type="p1" default="true">
          <executionTime time="1"/>
        </processor>
      </actorProperties>
      <actorProperties actor="mul1">
        <processor type="p1" default="true">
          <executionTime time="1"/>
        </processor>
      </actorProperties>
      <actorProperties actor="in">
        <processor type="p1" default="true">
          <executionTime time="1"/>
        </processor>
      </actorProperties>
      <actorProperties actor="filt">
        <processor type="p1" default="true">
          <executionTime time="1"/>
        </processor>
      </actorProperties>
      <actorProperties actor="hil">
        <processor type="p1" default="true">
          <executionTime time="1"/>
        </processor>
      </actorProperties>
      <actorProperties actor="eq">
        <processor type="p1" default="true">
          <executionTime time="1"/>
        </processor>
      </actorProperties>
      <actorProperties actor="mul2">
        <processor type="p1" default="true">
          <executionTime time="1"/>
        </processor>
      </actorProperties>
      <actorProperties actor="deci">
        <processor type="p1" default="true">
          <executionTime time="1"/>
        </processor>
      </actorProperties>
      <actorProperties actor="deco">
        <processor type="p1" default="true">
          <executionTime time="1"/>
        </processor>
      </actorProperties>
      <actorProperties actor="out">
        <processor type="p1" default="true">
          <executionTime time="1"/>
        </processor>
      </actorProperties>
      <channelProperties channel="a"/>
      <channelProperties channel="b"/>
      <channelProperties channel="c"/>
      <channelProperties channel="d"/>
      <channelProperties channel="e"/>
      <channelProperties channel="f"/>
      <channelProperties channel="g"/>
      <channelProperties channel="h"/>
      <channelProperties channel="i"/>
      <channelProperties channel="j"/>
      <channelProperties channel="k"/>
      <channelProperties channel="l"/>
      <channelProperties channel="m"/>
      <channelProperties channel="n"/>
      <channelProperties channel="o"/>
      <channelProperties channel="p"/>
      <channelProperties channel="q"/>
      <channelProperties channel="r"/>
      <channelProperties channel="s"/>
      <channelProperties channel="_ab"/>
      <channelProperties channel="_bb"/>
      <channelProperties channel="_cb"/>
      <channelProperties channel="_db"/>
      <channelProperties channel="_eb"/>
      <channelProperties channel="_fb"/>
      <channelProperties channel="_gb"/>
      <channelProperties channel="_hb"/>
      <channelProperties channel="_ib"/>
      <channelProperties channel="_jb"/>
      <channelProperties channel="_kb"/>
      <channelProperties channel="_lb"/>
      <channelProperties channel="_mb"/>
      <channelProperties channel="_nb"/>
      <channelProperties channel="_ob"/>
      <channelProperties channel="_pb"/>
      <channelProperties channel="_qb"/>
      <channelProperties channel="_rb"/>
      <channelProperties channel="_sb"/>
      <channelProperties channel="_ch39"/>
      <channelProperties channel="_ch40"/>
      <channelProperties channel="_ch41"/>
      <channelProperties channel="_ch42"/>
      <channelProperties channel="_ch43"/>
      <channelProperties channel="_ch44"/>
      <channelProperties channel="_ch45"/>
      <channelProperties channel="_ch46"/>
      <channelProperties channel="_ch47"/>
      <channelProperties channel="_ch48"/>
      <channelProperties channel="_ch49"/>
      <channelProperties channel="_ch50"/>
      <channelProperties channel="_ch51"/>
      <channelProperties channel="_ch52"/>
      <channelProperties channel="_ch53"/>
      <channelProperties channel="_ch54"/>
      <graphProperties/>
    </sdfProperties>
  </applicationGraph>
</sdf3>
