<?xml version="1.0"?>
<sdf3 xmlns:xsi="http://www.w3.org/2001/XMLSchema-instance" version="1.0" type="sdf" xsi:noNamespaceSchemaLocation="http://www.es.ele.tue.nl/sdf3/xsd/sdf3-sdf.xsd">
  <applicationGraph>
    <sdf name="mp3decoder" type="MP3decoder">
      <actor name="req0" type="Req">
        <port name="p0" type="out" rate="1"/>
        <port name="_p2" type="in" rate="1"/>
        <port name="_p3" type="out" rate="1"/>
        <port name="_p4" type="in" rate="1"/>
      </actor>
      <actor name="reorder0" type="Reorder">
        <port name="p0" type="in" rate="1"/>
        <port name="p1" type="out" rate="1"/>
        <port name="_p3" type="out" rate="1"/>
        <port name="_p4" type="in" rate="1"/>
        <port name="_p5" type="out" rate="1"/>
        <port name="_p6" type="in" rate="1"/>
      </actor>
      <actor name="req1" type="Req">
        <port name="p0" type="out" rate="1"/>
        <port name="_p2" type="in" rate="1"/>
        <port name="_p3" type="out" rate="1"/>
        <port name="_p4" type="in" rate="1"/>
      </actor>
      <actor name="reorder1" type="Reorder">
        <port name="p0" type="in" rate="1"/>
        <port name="p1" type="out" rate="1"/>
        <port name="_p3" type="out" rate="1"/>
        <port name="_p4" type="in" rate="1"/>
        <port name="_p5" type="out" rate="1"/>
        <port name="_p6" type="in" rate="1"/>
      </actor>
      <actor name="stereo" type="Stereo">
        <port name="p0" type="in" rate="1"/>
        <port name="p1" type="in" rate="1"/>
        <port name="p2" type="out" rate="1"/>
        <port name="p3" type="out" rate="1"/>
        <port name="_p5" type="out" rate="1"/>
        <port name="_p6" type="out" rate="1"/>
        <port name="_p7" type="in" rate="1"/>
        <port name="_p8" type="in" rate="1"/>
        <port name="_p9" type="out" rate="1"/>
        <port name="_p10" type="in" rate="1"/>
      </actor>
      <actor name="antialias0" type="Antialias">
        <port name="p0" type="in" rate="1"/>
        <port name="p1" type="out" rate="1"/>
        <port name="_p3" type="out" rate="1"/>
        <port name="_p4" type="in" rate="1"/>
        <port name="_p5" type="out" rate="1"/>
        <port name="_p6" type="in" rate="1"/>
      </actor>
      <actor name="hybridsynth0" type="HybridSynth">
        <port name="p0" type="in" rate="1"/>
        <port name="p1" type="out" rate="1"/>
        <port name="_p3" type="out" rate="1"/>
        <port name="_p4" type="in" rate="1"/>
        <port name="_p5" type="out" rate="1"/>
        <port name="_p6" type="in" rate="1"/>
      </actor>
      <actor name="freqinv0" type="FreqInv">
        <port name="p0" type="in" rate="1"/>
        <port name="p1" type="out" rate="1"/>
        <port name="_p3" type="out" rate="1"/>
        <port name="_p4" type="in" rate="1"/>
        <port name="_p5" type="out" rate="1"/>
        <port name="_p6" type="in" rate="1"/>
      </actor>
      <actor name="subbinv0" type="SubbInv">
        <port name="p0" type="in" rate="1"/>
        <port name="_p2" type="out" rate="1"/>
        <port name="_p3" type="out" rate="1"/>
        <port name="_p4" type="in" rate="1"/>
      </actor>
      <actor name="antialias1" type="Antialias">
        <port name="p0" type="in" rate="1"/>
        <port name="p1" type="out" rate="1"/>
        <port name="_p3" type="out" rate="1"/>
        <port name="_p4" type="in" rate="1"/>
        <port name="_p5" type="out" rate="1"/>
        <port name="_p6" type="in" rate="1"/>
      </actor>
      <actor name="hybridsynth1" type="HybridSynth">
        <port name="p0" type="in" rate="1"/>
        <port name="p1" type="out" rate="1"/>
        <port name="_p3" type="out" rate="1"/>
        <port name="_p4" type="in" rate="1"/>
        <port name="_p5" type="out" rate="1"/>
        <port name="_p6" type="in" rate="1"/>
      </actor>
      <actor name="freqinv1" type="FreqInv">
        <port name="p0" type="in" rate="1"/>
        <port name="p1" type="out" rate="1"/>
        <port name="_p3" type="out" rate="1"/>
        <port name="_p4" type="in" rate="1"/>
        <port name="_p5" type="out" rate="1"/>
        <port name="_p6" type="in" rate="1"/>
      </actor>
      <actor name="subbinv1" type="SubbInv">
        <port name="p0" type="in" rate="1"/>
        <port name="_p2" type="out" rate="1"/>
        <port name="_p3" type="out" rate="1"/>
        <port name="_p4" type="in" rate="1"/>
      </actor>
      <channel name="ch0" srcActor="req0" srcPort="p0" dstActor="reorder0" dstPort="p0"/>
      <channel name="ch1" srcActor="req1" srcPort="p0" dstActor="reorder1" dstPort="p0"/>
      <channel name="ch2" srcActor="reorder0" srcPort="p1" dstActor="stereo" dstPort="p0"/>
      <channel name="ch3" srcActor="reorder1" srcPort="p1" dstActor="stereo" dstPort="p1"/>
      <channel name="ch4" srcActor="stereo" srcPort="p2" dstActor="antialias0" dstPort="p0"/>
      <channel name="ch5" srcActor="stereo" srcPort="p3" dstActor="antialias1" dstPort="p0"/>
      <channel name="ch6" srcActor="antialias0" srcPort="p1" dstActor="hybridsynth0" dstPort="p0"/>
      <channel name="ch7" srcActor="antialias1" srcPort="p1" dstActor="hybridsynth1" dstPort="p0"/>
      <channel name="ch8" srcActor="hybridsynth0" srcPort="p1" dstActor="freqinv0" dstPort="p0"/>
      <channel name="ch9" srcActor="hybridsynth1" srcPort="p1" dstActor="freqinv1" dstPort="p0"/>
      <channel name="ch10" srcActor="freqinv0" srcPort="p1" dstActor="subbinv0" dstPort="p0"/>
      <channel name="ch11" srcActor="freqinv1" srcPort="p1" dstActor="subbinv1" dstPort="p0"/>
      <channel name="_ch0b" srcActor="reorder0" srcPort="_p3" dstActor="req0" dstPort="_p2" initialTokens="1"/>
      <channel name="_ch1b" srcActor="reorder1" srcPort="_p3" dstActor="req1" dstPort="_p2" initialTokens="1"/>
      <channel name="_ch2b" srcActor="stereo" srcPort="_p5" dstActor="reorder0" dstPort="_p4" initialTokens="1"/>
      <channel name="_ch3b" srcActor="stereo" srcPort="_p6" dstActor="reorder1" dstPort="_p4" initialTokens="1"/>
      <channel name="_ch4b" srcActor="antialias0" srcPort="_p3" dstActor="stereo" dstPort="_p7" initialTokens="1"/>
      <channel name="_ch5b" srcActor="antialias1" srcPort="_p3" dstActor="stereo" dstPort="_p8" initialTokens="1"/>
      <channel name="_ch6b" srcActor="hybridsynth0" srcPort="_p3" dstActor="antialias0" dstPort="_p4" initialTokens="1"/>
      <channel name="_ch7b" srcActor="hybridsynth1" srcPort="_p3" dstActor="antialias1" dstPort="_p4" initialTokens="1"/>
      <channel name="_ch8b" srcActor="freqinv0" srcPort="_p3" dstActor="hybridsynth0" dstPort="_p4" initialTokens="1"/>
      <channel name="_ch9b" srcActor="freqinv1" srcPort="_p3" dstActor="hybridsynth1" dstPort="_p4" initialTokens="1"/>
      <channel name="_ch10b" srcActor="subbinv0" srcPort="_p2" dstActor="freqinv0" dstPort="_p4" initialTokens="1"/>
      <channel name="_ch11b" srcActor="subbinv1" srcPort="_p2" dstActor="freqinv1" dstPort="_p4" initialTokens="1"/>
      <channel name="_ch25" srcActor="req0" srcPort="_p3" dstActor="req0" dstPort="_p4" initialTokens="1"/>
      <channel name="_ch26" srcActor="reorder0" srcPort="_p5" dstActor="reorder0" dstPort="_p6" initialTokens="1"/>
      <channel name="_ch27" srcActor="req1" srcPort="_p3" dstActor="req1" dstPort="_p4" initialTokens="1"/>
      <channel name="_ch28" srcActor="reorder1" srcPort="_p5" dstActor="reorder1" dstPort="_p6" initialTokens="1"/>
      <channel name="_ch29" srcActor="stereo" srcPort="_p9" dstActor="stereo" dstPort="_p10" initialTokens="1"/>
      <channel name="_ch30" srcActor="antialias0" srcPort="_p5" dstActor="antialias0" dstPort="_p6" initialTokens="1"/>
      <channel name="_ch31" srcActor="hybridsynth0" srcPort="_p5" dstActor="hybridsynth0" dstPort="_p6" initialTokens="1"/>
      <channel name="_ch32" srcActor="freqinv0" srcPort="_p5" dstActor="freqinv0" dstPort="_p6" initialTokens="1"/>
      <channel name="_ch33" srcActor="subbinv0" srcPort="_p3" dstActor="subbinv0" dstPort="_p4" initialTokens="1"/>
      <channel name="_ch34" srcActor="antialias1" srcPort="_p5" dstActor="antialias1" dstPort="_p6" initialTokens="1"/>
      <channel name="_ch35" srcActor="hybridsynth1" srcPort="_p5" dstActor="hybridsynth1" dstPort="_p6" initialTokens="1"/>
      <channel name="_ch36" srcActor="freqinv1" srcPort="_p5" dstActor="freqinv1" dstPort="_p6" initialTokens="1"/>
      <channel name="_ch37" srcActor="subbinv1" srcPort="_p3" dstActor="subbinv1" dstPort="_p4" initialTokens="1"/>
    </sdf>
    <sdfProperties>
      <actorProperties actor="req0">
        <processor type="p1" default="true">
          <executionTime time="37"/>
        </processor>
      </actorProperties>
      <actorProperties actor="reorder0">
        <processor type="p1" default="true">
          <executionTime time="83"/>
        </processor>
      </actorProperties>
      <actorProperties actor="req1">
        <processor type="p1" default="true">
          <executionTime time="37"/>
        </processor>
      </actorProperties>
      <actorProperties actor="reorder1">
        <processor type="p1" default="true">
          <executionTime time="83"/>
        </processor>
      </actorProperties>
      <actorProperties actor="stereo">
        <processor type="p1" default="true">
          <executionTime time="47"/>
        </processor>
      </actorProperties>
      <actorProperties actor="antialias0">
        <processor type="p1" default="true">
          <executionTime time="5"/>
        </processor>
      </actorProperties>
      <actorProperties actor="hybridsynth0">
        <processor type="p1" default="true">
          <executionTime time="132"/>
        </processor>
      </actorProperties>
      <actorProperties actor="freqinv0">
        <processor type="p1" default="true">
          <executionTime time="1"/>
        </processor>
      </actorProperties>
      <actorProperties actor="subbinv0">
        <processor type="p1" default="true">
          <executionTime time="68"/>
        </processor>
      </actorProperties>
      <actorProperties actor="antialias1">
        <processor type="p1" default="true">
          <executionTime time="5"/>
        </processor>
      </actorProperties>
      <actorProperties actor="hybridsynth1">
        <processor type="p1" default="true">
          <executionTime time="132"/>
        </processor>
      </actorProperties>
      <actorProperties actor="freqinv1">
        <processor type="p1" default="true">
          <executionTime time="1"/>
        </processor>
      </actorProperties>
      <actorProperties actor="subbinv1">
        <processor type="p1" default="true">
          <executionTime time="68"/>
        </processor>
      </actorProperties>
      <channelProperties channel="ch0"/>
      <channelProperties channel="ch1"/>
      <channelProperties channel="ch2"/>
      <channelProperties channel="ch3"/>
      <channelProperties channel="ch4"/>
      <channelProperties channel="ch5"/>
      <channelProperties channel="ch6"/>
      <channelProperties channel="ch7"/>
      <channelProperties channel="ch8"/>
      <channelProperties channel="ch9"/>
      <channelProperties channel="ch10"/>
      <channelProperties channel="ch11"/>
      <channelProperties channel="_ch0b"/>
      <channelProperties channel="_ch1b"/>
      <channelProperties channel="_ch2b"/>
      <channelProperties channel="_ch3b"/>
      <channelProperties channel="_ch4b"/>
      <channelProperties channel="_ch5b"/>
      <channelProperties channel="_ch6b"/>
      <channelProperties channel="_ch7b"/>
      <channelProperties channel="_ch8b"/>
      <channelProperties channel="_ch9b"/>
      <channelProperties channel="_ch10b"/>
      <channelProperties channel="_ch11b"/>
      <channelProperties channel="_ch25"/>
      <channelProperties channel="_ch26"/>
      <channelProperties channel="_ch27"/>
      <channelProperties channel="_ch28"/>
      <channelProperties channel="_ch29"/>
      <channelProperties channel="_ch30"/>
      <channelProperties channel="_ch31"/>
      <channelProperties channel="_ch32"/>
      <channelProperties channel="_ch33"/>
      <channelProperties channel="_ch34"/>
      <channelProperties channel="_ch35"/>
      <channelProperties channel="_ch36"/>
      <channelProperties channel="_ch37"/>
      <graphProperties/>
    </sdfProperties>
  </applicationGraph>
</sdf3>
