<?xml version="1.0"?>
<sdf3 xmlns:xsi="http://www.w3.org/2001/XMLSchema-instance" version="1.0" type="sdf" xsi:noNamespaceSchemaLocation="http://www.es.ele.tue.nl/sdf3/xsd/sdf3-sdf.xsd">
  <applicationGraph>
    <sdf name="example" type="Example">
      <actor name="a" type="A">
        <port name="p1" type="out" rate="1"/>
        <port name="_p2" type="in" rate="1"/>
        <port name="_p3" type="out" rate="1"/>
        <port name="_p4" type="in" rate="1"/>
      </actor>
      <actor name="b" type="B">
        <port name="p1" type="in" rate="1"/>
        <port name="p2" type="out" rate="2"/>
        <port name="_p3" type="out" rate="1"/>
        <port name="_p4" type="in" rate="2"/>
        <port name="_p5" type="out" rate="1"/>
        <port name="_p6" type="in" rate="1"/>
      </actor>
      <actor name="c" type="C">
        <port name="p1" type="in" rate="3"/>
        <port name="p2" type="out" rate="2"/>
        <port name="_p3" type="out" rate="3"/>
        <port name="_p4" type="in" rate="2"/>
        <port name="_p5" type="out" rate="1"/>
        <port name="_p6" type="in" rate="1"/>
      </actor>
      <actor name="d" type="D">
        <port name="p1" type="in" rate="7"/>
        <port name="p2" type="out" rate="8"/>
        <port name="_p3" type="out" rate="7"/>
        <port name="_p4" type="in" rate="8"/>
        <port name="_p5" type="out" rate="1"/>
        <port name="_p6" type="in" rate="1"/>
      </actor>
      <actor name="e" type="E">
        <port name="p1" type="in" rate="7"/>
        <port name="p2" type="out" rate="5"/>
        <port name="_p3" type="out" rate="7"/>
        <port name="_p4" type="in" rate="5"/>
        <port name="_p5" type="out" rate="1"/>
        <port name="_p6" type="in" rate="1"/>
      </actor>
      <actor name="f" type="F">
        <port name="p1" type="in" rate="1"/>
        <port name="_p2" type="out" rate="1"/>
        <port name="_p3" type="out" rate="1"/>
        <port name="_p4" type="in" rate="1"/>
      </actor>
      <channel name="ch1" srcActor="a" srcPort="p1" dstActor="b" dstPort="p1"/>
      <channel name="ch2" srcActor="b" srcPort="p2" dstActor="c" dstPort="p1"/>
      <channel name="ch3" srcActor="c" srcPort="p2" dstActor="d" dstPort="p1"/>
      <channel name="ch4" srcActor="d" srcPort="p2" dstActor="e" dstPort="p1"/>
      <channel name="ch5" srcActor="e" srcPort="p2" dstActor="f" dstPort="p1"/>
      <channel name="_ch1b" srcActor="b" srcPort="_p3" dstActor="a" dstPort="_p2" initialTokens="1"/>
      <channel name="_ch2b" srcActor="c" srcPort="_p3" dstActor="b" dstPort="_p4" initialTokens="4"/>
      <channel name="_ch3b" srcActor="d" srcPort="_p3" dstActor="c" dstPort="_p4" initialTokens="8"/>
      <channel name="_ch4b" srcActor="e" srcPort="_p3" dstActor="d" dstPort="_p4" initialTokens="14"/>
      <channel name="_ch5b" srcActor="f" srcPort="_p2" dstActor="e" dstPort="_p4" initialTokens="5"/>
      <channel name="_ch11" srcActor="a" srcPort="_p3" dstActor="a" dstPort="_p4" initialTokens="1"/>
      <channel name="_ch12" srcActor="b" srcPort="_p5" dstActor="b" dstPort="_p6" initialTokens="1"/>
      <channel name="_ch13" srcActor="c" srcPort="_p5" dstActor="c" dstPort="_p6" initialTokens="1"/>
      <channel name="_ch14" srcActor="d" srcPort="_p5" dstActor="d" dstPort="_p6" initialTokens="1"/>
      <channel name="_ch15" srcActor="e" srcPort="_p5" dstActor="e" dstPort="_p6" initialTokens="1"/>
      <channel name="_ch16" srcActor="f" srcPort="_p3" dstActor="f" dstPort="_p4" initialTokens="1"/>
    </sdf>
    <sdfProperties>
      <actorProperties actor="a">
        <processor type="p1" default="true">
          <executionTime time="5"/>
        </processor>
      </actorProperties>
      <actorProperties actor="b">
        <processor type="p1" default="true">
          <executionTime time="2"/>
        </processor>
      </actorProperties>
      <actorProperties actor="c">
        <processor type="p1" default="true">
          <executionTime time="3"/>
        </processor>
      </actorProperties>
      <actorProperties actor="d">
        <processor type="p1" default="true">
          <executionTime time="1"/>
        </processor>
      </actorProperties>
      <actorProperties actor="e">
        <processor type="p1" default="true">
          <executionTime time="4"/>
        </processor>
      </actorProperties>
      <actorProperties actor="f">
        <processor type="p1" default="true">
          <executionTime time="6"/>
        </processor>
      </actorProperties>
      <channelProperties channel="ch1"/>
      <channelProperties channel="ch2"/>
      <channelProperties channel="ch3"/>
      <channelProperties channel="ch4"/>
      <channelProperties channel="ch5"/>
      <channelProperties channel="_ch1b"/>
      <channelProperties channel="_ch2b"/>
      <channelProperties channel="_ch3b"/>
      <channelProperties channel="_ch4b"/>
      <channelProperties channel="_ch5b"/>
      <channelProperties channel="_ch11"/>
      <channelProperties channel="_ch12"/>
      <channelProperties channel="_ch13"/>
      <channelProperties channel="_ch14"/>
      <channelProperties channel="_ch15"/>
      <channelProperties channel="_ch16"/>
      <graphProperties/>
    </sdfProperties>
  </applicationGraph>
</sdf3>
