<?xml version="1.0"?>
<sdf3 xmlns:xsi="http://www.w3.org/2001/XMLSchema-instance" version="1.0" type="sdf" xsi:noNamespaceSchemaLocation="http://www.es.ele.tue.nl/sdf3/xsd/sdf3-sdf.xsd">
  <applicationGraph>
    <sdf name="example" type="Example">
      <actor name="a" type="A">
        <port name="p1" type="out" rate="1"/>
        <port name="_p2" type="in" rate="1"/>
        <port name="_p3" type="out" rate="1"/>
        <port name="_p4" type="in" rate="1"/>
      </actor>
      <actor name="b" type="B">
        <port name="p1" type="in" rate="4"/>
        <port name="p2" type="out" rate="1"/>
        <port name="_p3" type="out" rate="4"/>
        <port name="_p4" type="in" rate="1"/>
        <port name="_p5" type="out" rate="1"/>
        <port name="_p6" type="in" rate="1"/>
      </actor>
      <actor name="c" type="C">
        <port name="p1" type="in" rate="11"/>
        <port name="p2" type="out" rate="1"/>
        <port name="p3" type="out" rate="10"/>
        <port name="_p4" type="out" rate="11"/>
        <port name="_p5" type="in" rate="1"/>
        <port name="_p6" type="in" rate="10"/>
        <port name="_p7" type="out" rate="1"/>
        <port name="_p8" type="in" rate="1"/>
      </actor>
      <actor name="d" type="D">
        <port name="p1" type="out" rate="1"/>
        <port name="_p2" type="in" rate="1"/>
        <port name="_p3" type="out" rate="1"/>
        <port name="_p4" type="in" rate="1"/>
      </actor>
      <actor name="e" type="E">
        <port name="p1" type="in" rate="4"/>
        <port name="p2" type="out" rate="1"/>
        <port name="_p3" type="out" rate="4"/>
        <port name="_p4" type="in" rate="1"/>
        <port name="_p5" type="out" rate="1"/>
        <port name="_p6" type="in" rate="1"/>
      </actor>
      <actor name="f" type="F">
        <port name="p1" type="in" rate="11"/>
        <port name="p2" type="out" rate="1"/>
        <port name="p3" type="out" rate="10"/>
        <port name="_p4" type="out" rate="11"/>
        <port name="_p5" type="in" rate="1"/>
        <port name="_p6" type="in" rate="10"/>
        <port name="_p7" type="out" rate="1"/>
        <port name="_p8" type="in" rate="1"/>
      </actor>
      <actor name="g" type="G">
        <port name="p1" type="in" rate="1"/>
        <port name="p2" type="out" rate="1"/>
        <port name="_p3" type="out" rate="1"/>
        <port name="_p4" type="in" rate="1"/>
        <port name="_p5" type="out" rate="1"/>
        <port name="_p6" type="in" rate="1"/>
      </actor>
      <actor name="h" type="H">
        <port name="p1" type="in" rate="1"/>
        <port name="p2" type="out" rate="11"/>
        <port name="_p3" type="out" rate="1"/>
        <port name="_p4" type="in" rate="11"/>
        <port name="_p5" type="out" rate="1"/>
        <port name="_p6" type="in" rate="1"/>
      </actor>
      <actor name="i" type="I">
        <port name="p1" type="in" rate="11"/>
        <port name="p2" type="out" rate="10"/>
        <port name="_p3" type="out" rate="11"/>
        <port name="_p4" type="in" rate="10"/>
        <port name="_p5" type="out" rate="1"/>
        <port name="_p6" type="in" rate="1"/>
      </actor>
      <actor name="j" type="J">
        <port name="p1" type="in" rate="1"/>
        <port name="p2" type="out" rate="1"/>
        <port name="p3" type="out" rate="1"/>
        <port name="_p4" type="out" rate="1"/>
        <port name="_p5" type="in" rate="1"/>
        <port name="_p6" type="in" rate="1"/>
        <port name="_p7" type="out" rate="1"/>
        <port name="_p8" type="in" rate="1"/>
      </actor>
      <actor name="k" type="K">
        <port name="p1" type="in" rate="1"/>
        <port name="p2" type="out" rate="1"/>
        <port name="_p3" type="out" rate="1"/>
        <port name="_p4" type="in" rate="1"/>
        <port name="_p5" type="out" rate="1"/>
        <port name="_p6" type="in" rate="1"/>
      </actor>
      <actor name="l" type="L">
        <port name="p1" type="in" rate="1"/>
        <port name="p2" type="out" rate="11"/>
        <port name="_p3" type="out" rate="1"/>
        <port name="_p4" type="in" rate="11"/>
        <port name="_p5" type="out" rate="1"/>
        <port name="_p6" type="in" rate="1"/>
      </actor>
      <actor name="m" type="M">
        <port name="p1" type="in" rate="11"/>
        <port name="p2" type="out" rate="10"/>
        <port name="_p3" type="out" rate="11"/>
        <port name="_p4" type="in" rate="10"/>
        <port name="_p5" type="out" rate="1"/>
        <port name="_p6" type="in" rate="1"/>
      </actor>
      <actor name="n" type="N">
        <port name="p1" type="in" rate="1"/>
        <port name="p2" type="out" rate="1"/>
        <port name="p3" type="out" rate="1"/>
        <port name="_p4" type="out" rate="1"/>
        <port name="_p5" type="in" rate="1"/>
        <port name="_p6" type="in" rate="1"/>
        <port name="_p7" type="out" rate="1"/>
        <port name="_p8" type="in" rate="1"/>
      </actor>
      <actor name="p" type="P">
        <port name="p1" type="in" rate="1"/>
        <port name="p2" type="in" rate="1"/>
        <port name="p3" type="in" rate="1"/>
        <port name="p4" type="in" rate="1"/>
        <port name="p5" type="out" rate="1"/>
        <port name="p6" type="out" rate="1"/>
        <port name="_p7" type="out" rate="1"/>
        <port name="_p8" type="out" rate="1"/>
        <port name="_p9" type="in" rate="1"/>
        <port name="_p10" type="in" rate="1"/>
        <port name="_p11" type="out" rate="1"/>
        <port name="_p12" type="out" rate="1"/>
        <port name="_p13" type="out" rate="1"/>
        <port name="_p14" type="in" rate="1"/>
      </actor>
      <actor name="q" type="Q">
        <port name="p1" type="in" rate="240"/>
        <port name="p2" type="out" rate="240"/>
        <port name="_p3" type="out" rate="240"/>
        <port name="_p4" type="in" rate="240"/>
        <port name="_p5" type="out" rate="1"/>
        <port name="_p6" type="in" rate="1"/>
      </actor>
      <actor name="r" type="R">
        <port name="p1" type="in" rate="240"/>
        <port name="p2" type="out" rate="240"/>
        <port name="_p3" type="out" rate="240"/>
        <port name="_p4" type="in" rate="240"/>
        <port name="_p5" type="out" rate="1"/>
        <port name="_p6" type="in" rate="1"/>
      </actor>
      <actor name="s" type="S">
        <port name="p1" type="in" rate="1"/>
        <port name="p2" type="out" rate="1"/>
        <port name="_p3" type="out" rate="1"/>
        <port name="_p4" type="in" rate="1"/>
        <port name="_p5" type="out" rate="1"/>
        <port name="_p6" type="in" rate="1"/>
      </actor>
      <actor name="t" type="T">
        <port name="p1" type="in" rate="1"/>
        <port name="p2" type="out" rate="1"/>
        <port name="_p3" type="out" rate="1"/>
        <port name="_p4" type="in" rate="1"/>
        <port name="_p5" type="out" rate="1"/>
        <port name="_p6" type="in" rate="1"/>
      </actor>
      <actor name="u" type="U">
        <port name="p1" type="in" rate="1"/>
        <port name="p2" type="in" rate="1"/>
        <port name="p3" type="out" rate="1"/>
        <port name="_p4" type="out" rate="1"/>
        <port name="_p5" type="out" rate="1"/>
        <port name="_p6" type="in" rate="1"/>
        <port name="_p7" type="out" rate="1"/>
        <port name="_p8" type="in" rate="1"/>
      </actor>
      <actor name="v" type="V">
        <port name="p1" type="in" rate="240"/>
        <port name="p2" type="out" rate="240"/>
        <port name="_p3" type="out" rate="240"/>
        <port name="_p4" type="in" rate="240"/>
        <port name="_p5" type="out" rate="1"/>
        <port name="_p6" type="in" rate="1"/>
      </actor>
      <actor name="w" type="W">
        <port name="p1" type="in" rate="1"/>
        <port name="p2" type="in" rate="1"/>
        <port name="p3" type="in" rate="1"/>
        <port name="_p4" type="out" rate="1"/>
        <port name="_p5" type="out" rate="1"/>
        <port name="_p6" type="out" rate="1"/>
        <port name="_p7" type="out" rate="1"/>
        <port name="_p8" type="in" rate="1"/>
      </actor>
      <channel name="ch1" srcActor="a" srcPort="p1" dstActor="b" dstPort="p1"/>
      <channel name="ch2" srcActor="b" srcPort="p2" dstActor="c" dstPort="p1"/>
      <channel name="ch3" srcActor="c" srcPort="p2" dstActor="g" dstPort="p1"/>
      <channel name="ch4" srcActor="c" srcPort="p3" dstActor="p" dstPort="p2"/>
      <channel name="ch5" srcActor="d" srcPort="p1" dstActor="e" dstPort="p1"/>
      <channel name="ch6" srcActor="e" srcPort="p2" dstActor="f" dstPort="p1"/>
      <channel name="ch7" srcActor="f" srcPort="p2" dstActor="k" dstPort="p1"/>
      <channel name="ch8" srcActor="f" srcPort="p3" dstActor="p" dstPort="p1"/>
      <channel name="ch9" srcActor="g" srcPort="p2" dstActor="h" dstPort="p1"/>
      <channel name="ch10" srcActor="h" srcPort="p2" dstActor="i" dstPort="p1"/>
      <channel name="ch11" srcActor="i" srcPort="p2" dstActor="j" dstPort="p1"/>
      <channel name="ch12" srcActor="k" srcPort="p2" dstActor="l" dstPort="p1"/>
      <channel name="ch13" srcActor="l" srcPort="p2" dstActor="m" dstPort="p1"/>
      <channel name="ch14" srcActor="m" srcPort="p2" dstActor="n" dstPort="p1"/>
      <channel name="ch15" srcActor="p" srcPort="p5" dstActor="q" dstPort="p1"/>
      <channel name="ch16" srcActor="p" srcPort="p6" dstActor="r" dstPort="p1"/>
      <channel name="ch17" srcActor="q" srcPort="p2" dstActor="w" dstPort="p1"/>
      <channel name="ch18" srcActor="r" srcPort="p2" dstActor="w" dstPort="p2"/>
      <channel name="ch19" srcActor="n" srcPort="p2" dstActor="p" dstPort="p3"/>
      <channel name="ch20" srcActor="n" srcPort="p3" dstActor="s" dstPort="p1"/>
      <channel name="ch21" srcActor="s" srcPort="p2" dstActor="u" dstPort="p1"/>
      <channel name="ch22" srcActor="j" srcPort="p2" dstActor="p" dstPort="p4"/>
      <channel name="ch23" srcActor="j" srcPort="p3" dstActor="t" dstPort="p1"/>
      <channel name="ch24" srcActor="t" srcPort="p2" dstActor="u" dstPort="p2"/>
      <channel name="ch25" srcActor="u" srcPort="p3" dstActor="v" dstPort="p1"/>
      <channel name="ch26" srcActor="v" srcPort="p2" dstActor="w" dstPort="p3"/>
      <channel name="_ch1b" srcActor="b" srcPort="_p3" dstActor="a" dstPort="_p2" initialTokens="4"/>
      <channel name="_ch2b" srcActor="c" srcPort="_p4" dstActor="b" dstPort="_p4" initialTokens="11"/>
      <channel name="_ch3b" srcActor="g" srcPort="_p3" dstActor="c" dstPort="_p5" initialTokens="1"/>
      <channel name="_ch4b" srcActor="p" srcPort="_p7" dstActor="c" dstPort="_p6" initialTokens="10"/>
      <channel name="_ch5b" srcActor="e" srcPort="_p3" dstActor="d" dstPort="_p2" initialTokens="4"/>
      <channel name="_ch6b" srcActor="f" srcPort="_p4" dstActor="e" dstPort="_p4" initialTokens="11"/>
      <channel name="_ch7b" srcActor="k" srcPort="_p3" dstActor="f" dstPort="_p5" initialTokens="1"/>
      <channel name="_ch8b" srcActor="p" srcPort="_p8" dstActor="f" dstPort="_p6" initialTokens="10"/>
      <channel name="_ch9b" srcActor="h" srcPort="_p3" dstActor="g" dstPort="_p4" initialTokens="1"/>
      <channel name="_ch10b" srcActor="i" srcPort="_p3" dstActor="h" dstPort="_p4" initialTokens="11"/>
      <channel name="_ch11b" srcActor="j" srcPort="_p4" dstActor="i" dstPort="_p4" initialTokens="10"/>
      <channel name="_ch12b" srcActor="l" srcPort="_p3" dstActor="k" dstPort="_p4" initialTokens="1"/>
      <channel name="_ch13b" srcActor="m" srcPort="_p3" dstActor="l" dstPort="_p4" initialTokens="11"/>
      <channel name="_ch14b" srcActor="n" srcPort="_p4" dstActor="m" dstPort="_p4" initialTokens="10"/>
      <channel name="_ch15b" srcActor="q" srcPort="_p3" dstActor="p" dstPort="_p9" initialTokens="240"/>
      <channel name="_ch16b" srcActor="r" srcPort="_p3" dstActor="p" dstPort="_p10" initialTokens="240"/>
      <channel name="_ch17b" srcActor="w" srcPort="_p4" dstActor="q" dstPort="_p4" initialTokens="240"/>
      <channel name="_ch18b" srcActor="w" srcPort="_p5" dstActor="r" dstPort="_p4" initialTokens="240"/>
      <channel name="_ch19b" srcActor="p" srcPort="_p11" dstActor="n" dstPort="_p5" initialTokens="1"/>
      <channel name="_ch20b" srcActor="s" srcPort="_p3" dstActor="n" dstPort="_p6" initialTokens="1"/>
      <channel name="_ch21b" srcActor="u" srcPort="_p4" dstActor="s" dstPort="_p4" initialTokens="1"/>
      <channel name="_ch22b" srcActor="p" srcPort="_p12" dstActor="j" dstPort="_p5" initialTokens="1"/>
      <channel name="_ch23b" srcActor="t" srcPort="_p3" dstActor="j" dstPort="_p6" initialTokens="1"/>
      <channel name="_ch24b" srcActor="u" srcPort="_p5" dstActor="t" dstPort="_p4" initialTokens="1"/>
      <channel name="_ch25b" srcActor="v" srcPort="_p3" dstActor="u" dstPort="_p6" initialTokens="240"/>
      <channel name="_ch26b" srcActor="w" srcPort="_p6" dstActor="v" dstPort="_p4" initialTokens="240"/>
      <channel name="_ch53" srcActor="a" srcPort="_p3" dstActor="a" dstPort="_p4" initialTokens="1"/>
      <channel name="_ch54" srcActor="b" srcPort="_p5" dstActor="b" dstPort="_p6" initialTokens="1"/>
      <channel name="_ch55" srcActor="c" srcPort="_p7" dstActor="c" dstPort="_p8" initialTokens="1"/>
      <channel name="_ch56" srcActor="d" srcPort="_p3" dstActor="d" dstPort="_p4" initialTokens="1"/>
      <channel name="_ch57" srcActor="e" srcPort="_p5" dstActor="e" dstPort="_p6" initialTokens="1"/>
      <channel name="_ch58" srcActor="f" srcPort="_p7" dstActor="f" dstPort="_p8" initialTokens="1"/>
      <channel name="_ch59" srcActor="g" srcPort="_p5" dstActor="g" dstPort="_p6" initialTokens="1"/>
      <channel name="_ch60" srcActor="h" srcPort="_p5" dstActor="h" dstPort="_p6" initialTokens="1"/>
      <channel name="_ch61" srcActor="i" srcPort="_p5" dstActor="i" dstPort="_p6" initialTokens="1"/>
      <channel name="_ch62" srcActor="j" srcPort="_p7" dstActor="j" dstPort="_p8" initialTokens="1"/>
      <channel name="_ch63" srcActor="k" srcPort="_p5" dstActor="k" dstPort="_p6" initialTokens="1"/>
      <channel name="_ch64" srcActor="l" srcPort="_p5" dstActor="l" dstPort="_p6" initialTokens="1"/>
      <channel name="_ch65" srcActor="m" srcPort="_p5" dstActor="m" dstPort="_p6" initialTokens="1"/>
      <channel name="_ch66" srcActor="n" srcPort="_p7" dstActor="n" dstPort="_p8" initialTokens="1"/>
      <channel name="_ch67" srcActor="p" srcPort="_p13" dstActor="p" dstPort="_p14" initialTokens="1"/>
      <channel name="_ch68" srcActor="q" srcPort="_p5" dstActor="q" dstPort="_p6" initialTokens="1"/>
      <channel name="_ch69" srcActor="r" srcPort="_p5" dstActor="r" dstPort="_p6" initialTokens="1"/>
      <channel name="_ch70" srcActor="s" srcPort="_p5" dstActor="s" dstPort="_p6" initialTokens="1"/>
      <channel name="_ch71" srcActor="t" srcPort="_p5" dstActor="t" dstPort="_p6" initialTokens="1"/>
      <channel name="_ch72" srcActor="u" srcPort="_p7" dstActor="u" dstPort="_p8" initialTokens="1"/>
      <channel name="_ch73" srcActor="v" srcPort="_p5" dstActor="v" dstPort="_p6" initialTokens="1"/>
      <channel name="_ch74" srcActor="w" srcPort="_p7" dstActor="w" dstPort="_p8" initialTokens="1"/>
    </sdf>
    <sdfProperties>
      <actorProperties actor="a">
        <processor type="p1" default="true">
          <executionTime time="1"/>
        </processor>
      </actorProperties>
      <actorProperties actor="b">
        <processor type="p1" default="true">
          <executionTime time="1"/>
        </processor>
      </actorProperties>
      <actorProperties actor="c">
        <processor type="p1" default="true">
          <executionTime time="1"/>
        </processor>
      </actorProperties>
      <actorProperties actor="d">
        <processor type="p1" default="true">
          <executionTime time="1"/>
        </processor>
      </actorProperties>
      <actorProperties actor="e">
        <processor type="p1" default="true">
          <executionTime time="1"/>
        </processor>
      </actorProperties>
      <actorProperties actor="f">
        <processor type="p1" default="true">
          <executionTime time="1"/>
        </processor>
      </actorProperties>
      <actorProperties actor="g">
        <processor type="p1" default="true">
          <executionTime time="1"/>
        </processor>
      </actorProperties>
      <actorProperties actor="h">
        <processor type="p1" default="true">
          <executionTime time="1"/>
        </processor>
      </actorProperties>
      <actorProperties actor="i">
        <processor type="p1" default="true">
          <executionTime time="1"/>
        </processor>
      </actorProperties>
      <actorProperties actor="j">
        <processor type="p1" default="true">
          <executionTime time="1"/>
        </processor>
      </actorProperties>
      <actorProperties actor="k">
        <processor type="p1" default="true">
          <executionTime time="1"/>
        </processor>
      </actorProperties>
      <actorProperties actor="l">
        <processor type="p1" default="true">
          <executionTime time="1"/>
        </processor>
      </actorProperties>
      <actorProperties actor="m">
        <processor type="p1" default="true">
          <executionTime time="1"/>
        </processor>
      </actorProperties>
      <actorProperties actor="n">
        <processor type="p1" default="true">
          <executionTime time="1"/>
        </processor>
      </actorProperties>
      <actorProperties actor="p">
        <processor type="p1" default="true">
          <executionTime time="1"/>
        </processor>
      </actorProperties>
      <actorProperties actor="q">
        <processor type="p1" default="true">
          <executionTime time="1"/>
        </processor>
      </actorProperties>
      <actorProperties actor="r">
        <processor type="p1" default="true">
          <executionTime time="1"/>
        </processor>
      </actorProperties>
      <actorProperties actor="s">
        <processor type="p1" default="true">
          <executionTime time="1"/>
        </processor>
      </actorProperties>
      <actorProperties actor="t">
        <processor type="p1" default="true">
          <executionTime time="1"/>
        </processor>
      </actorProperties>
      <actorProperties actor="u">
        <processor type="p1" default="true">
          <executionTime time="1"/>
        </processor>
      </actorProperties>
      <actorProperties actor="v">
        <processor type="p1" default="true">
          <executionTime time="1"/>
        </processor>
      </actorProperties>
      <actorProperties actor="w">
        <processor type="p1" default="true">
          <executionTime time="1"/>
        </processor>
      </actorProperties>
      <channelProperties channel="ch1"/>
      <channelProperties channel="ch2"/>
      <channelProperties channel="ch3"/>
      <channelProperties channel="ch4"/>
      <channelProperties channel="ch5"/>
      <channelProperties channel="ch6"/>
      <channelProperties channel="ch7"/>
      <channelProperties channel="ch8"/>
      <channelProperties channel="ch9"/>
      <channelProperties channel="ch10"/>
      <channelProperties channel="ch11"/>
      <channelProperties channel="ch12"/>
      <channelProperties channel="ch13"/>
      <channelProperties channel="ch14"/>
      <channelProperties channel="ch15"/>
      <channelProperties channel="ch16"/>
      <channelProperties channel="ch17"/>
      <channelProperties channel="ch18"/>
      <channelProperties channel="ch19"/>
      <channelProperties channel="ch20"/>
      <channelProperties channel="ch21"/>
      <channelProperties channel="ch22"/>
      <channelProperties channel="ch23"/>
      <channelProperties channel="ch24"/>
      <channelProperties channel="ch25"/>
      <channelProperties channel="ch26"/>
      <channelProperties channel="_ch1b"/>
      <channelProperties channel="_ch2b"/>
      <channelProperties channel="_ch3b"/>
      <channelProperties channel="_ch4b"/>
      <channelProperties channel="_ch5b"/>
      <channelProperties channel="_ch6b"/>
      <channelProperties channel="_ch7b"/>
      <channelProperties channel="_ch8b"/>
      <channelProperties channel="_ch9b"/>
      <channelProperties channel="_ch10b"/>
      <channelProperties channel="_ch11b"/>
      <channelProperties channel="_ch12b"/>
      <channelProperties channel="_ch13b"/>
      <channelProperties channel="_ch14b"/>
      <channelProperties channel="_ch15b"/>
      <channelProperties channel="_ch16b"/>
      <channelProperties channel="_ch17b"/>
      <channelProperties channel="_ch18b"/>
      <channelProperties channel="_ch19b"/>
      <channelProperties channel="_ch20b"/>
      <channelProperties channel="_ch21b"/>
      <channelProperties channel="_ch22b"/>
      <channelProperties channel="_ch23b"/>
      <channelProperties channel="_ch24b"/>
      <channelProperties channel="_ch25b"/>
      <channelProperties channel="_ch26b"/>
      <channelProperties channel="_ch53"/>
      <channelProperties channel="_ch54"/>
      <channelProperties channel="_ch55"/>
      <channelProperties channel="_ch56"/>
      <channelProperties channel="_ch57"/>
      <channelProperties channel="_ch58"/>
      <channelProperties channel="_ch59"/>
      <channelProperties channel="_ch60"/>
      <channelProperties channel="_ch61"/>
      <channelProperties channel="_ch62"/>
      <channelProperties channel="_ch63"/>
      <channelProperties channel="_ch64"/>
      <channelProperties channel="_ch65"/>
      <channelProperties channel="_ch66"/>
      <channelProperties channel="_ch67"/>
      <channelProperties channel="_ch68"/>
      <channelProperties channel="_ch69"/>
      <channelProperties channel="_ch70"/>
      <channelProperties channel="_ch71"/>
      <channelProperties channel="_ch72"/>
      <channelProperties channel="_ch73"/>
      <channelProperties channel="_ch74"/>
      <graphProperties/>
    </sdfProperties>
  </applicationGraph>
</sdf3>
